1,286,212,479,806,497,461,428,645,788,786,145,485
0,798,248,801,645,788,145,130,785,497,786,641,645
0,625,796,127,621,784,132,788,798,485,645,212,646
1,6,797,479,807,750,465,127,530,248,786,145,798
1,785,798,635,645,748,392,497,260,36,279,465,89
1,405,448,503,18,461,530,212,389,609,474,430,800
0,131,645,212,465,479,485,796,184,497,494,113,354
0,65,94,160,248,472,392,260,701,230,786,465,279
0,645,658,485,113,472,784,461,719,145,787,658,637
0,720,65,645,479,801,381,785,798,801,646,26,226
0,763,38,785,701,774,801,788,6,494,445,145,658
0,687,497,754,213,327,129,658,646,462,127,763,743
0,15,798,462,778,645,479,678,465,130,479,248,530
0,461,392,778,350,445,212,658,807,637,445,797,302
0,428,787,485,645,801,658,465,282,641,462,445,748
1,6,450,530,38,549,785,448,645,598,490,646,15
0,671,652,242,594,237,465,121,198,277,366,685,683
0,530,547,807,134,214,526,245,31,642,764,6,151
1,113,645,184,65,38,530,398,530,642,385,310,748
1,286,641,423,579,251,254,785,798,801,646,26,226
0,429,359,637,553,542,230,445,598,645,145,658,303
0,76,346,142,213,805,112,279,721,260,130,658,537
0,701,785,645,598,145,806,801,645,323,658,787,701
1,645,479,798,658,303,598,801,279,260,145,805,494
0,279,260,230,701,785,598,380,286,248,598,36,145
0,65,801,6,598,145,184,359,36,462,497,9,658
0,485,658,645,641,465,310,598,534,784,145,658,645
0,646,279,260,658,641,494,788,303,445,658,145,485
1,743,785,798,786,701,248,461,6,658,796,768,798
1,94,6,637,645,598,642,6,494,113,145,598,786
1,497,380,801,479,645,787,497,184,645,785,748,806
0,373,530,248,788,462,645,279,230,342,801,752,260
1,579,485,787,641,248,3,127,801,445,798,658,530
1,788,303,445,658,145,485,80,78,18,34,36,132
0,695,640,452,367,471,750,197,178,332,308,647,195
1,36,303,485,423,641,645,157,658,497,135,398,612
0,80,132,227,472,798,113,635,113,303,132,797,788
1,658,335,212,6,310,144,197,178,332,308,647,195
1,302,594,113,227,591,132,279,260,658,641,598,490
1,105,127,801,594,641,642,530,143,68,121,563,303
1,485,381,785,645,479,763,645,701,801,646,785,308
0,485,801,428,145,445,465,801,233,105,303,217,80
0,308,134,468,143,227,807,197,178,332,308,647,195
0,778,181,663,445,91,530,428,342,645,385,788,145
1,788,303,445,658,145,485,788,6,472,243,461,786
1,149,530,248,497,6,658,462,212,474,743,641,645
0,392,485,658,142,748,479,788,303,445,658,145,485
0,445,658,6,121,145,801,485,381,785,645,479,763
0,6,642,748,490,701,806,719,785,130,658,720,248
0,286,645,797,6,807,530,450,479,65,212,788,105
1,359,36,472,497,73,658,807,785,645,460,485,630
1,454,598,658,15,279,645,450,530,380,598,130,786
0,805,380,594,248,798,36,145,445,787,658,485,212
0,560,545,65,479,36,699,213,646,68,598,260,645
0,308,785,658,646,598,645,637,303,658,645,787,485
0,15,785,233,479,625,398,227,428,637,793,700,778
0,196,36,350,212,473,149,398,89,145,214,350,36
1,130,807,465,680,637,344,806,149,786,248,214,530
0,786,785,497,130,530,494,229,324,3,645,479,798
1,785,308,465,485,645,248,658,385,184,381,645,212
1,3,445,658,637,462,36,160,3,227,212,373,31
1,38,28,91,473,784,36,797,788,450,310,130,701
1,445,494,130,785,645,497,801,797,381,647,130,105
0,797,113,184,494,807,3,658,635,380,212,310,36
1,787,485,798,645,145,130,645,806,658,530,785,798
1,497,248,701,785,645,801,658,785,254,801,645,308
0,279,537,385,719,596,598,701,697,699,711,706,282
1,786,785,497,130,530,494,428,785,701,645,658,598
0,798,787,485,445,145,65,445,485,212,248,788,145
1,65,34,494,630,113,784,448,6,479,445,697,392
0,748,423,212,151,113,132,485,798,787,303,479,645
1,798,308,479,36,145,647,428,645,485,465,658,785
1,6,788,701,497,445,485,184,598,485,719,497,645
1,784,637,778,798,479,91,6,3,38,196,485,237
1,380,113,195,472,748,151,645,701,658,786,473,6
0,805,534,801,748,563,80,65,786,462,472,784,36
0,461,787,485,121,475,642,214,479,787,485,801,497
0,558,286,701,142,658,248,579,248,788,462,461,645
0,631,99,523,426,119,196,652,748,445,609,798,350
0,282,135,350,411,232,392,184,658,65,485,598,462
0,248,645,647,465,462,784,528,36,472,113,6,798
1,310,706,555,485,598,637,641,260,230,186,658,642
1,801,233,105,303,217,80,254,785,701,598,645,658
0,798,248,801,645,788,145,130,214,53,34,217,743
1,707,381,598,461,472,658,6,579,787,645,130,385
1,445,701,785,642,214,213,801,645,323,647,787,701
1,38,28,91,473,784,36,248,579,36,646,373,748
0,184,598,485,719,497,645,645,36,784,658,530,248
0,530,494,786,798,428,658,801,645,323,647,787,701
0,720,212,641,645,647,485,801,233,105,303,217,80
1,645,485,641,748,598,65,748,801,641,485,786,645
1,38,28,91,473,784,36,6,248,36,479,785,798
1,302,292,146,227,113,195,184,598,485,719,497,645
1,801,233,105,303,217,80,26,785,701,801,130,645
0,68,196,479,445,34,241,160,169,65,462,94,461
1,142,785,701,130,806,801,145,212,485,658,645,787
0,752,645,94,212,787,646,38,28,91,473,784,36
0,6,658,445,598,748,145,645,497,303,786,373,479
1,248,445,472,530,450,346,143,785,645,462,212,479
1,3,227,485,625,647,113,719,637,423,145,797,465
0,752,282,798,625,530,806,303,658,445,479,641,801
0,497,625,778,127,213,784,485,3,771,645,113,801
1,302,637,226,472,461,36,437,488,801,105,303,342
0,639,545,497,428,196,479,65,227,445,392,609,91
0,445,798,658,485,143,308,65,227,445,392,609,91
0,646,303,718,385,497,245,798,645,479,658,801,784
1,445,485,212,248,788,145,260,279,658,641,646,494
1,160,784,798,785,65,110,428,381,462,658,641,485
1,254,787,485,801,798,645,184,462,645,637,598,127
0,798,445,658,598,94,781,745,685,778,130,641,798
0,721,494,6,324,392,485,528,36,472,113,6,798
1,248,94,658,645,465,38,497,184,637,264,385,685
0,787,445,797,658,798,793,380,784,797,248,113,530
1,6,785,91,445,302,36,701,227,485,788,494,302
1,254,787,485,801,798,645,106,208,553,73,145,251
0,658,25,745,785,6,89,658,497,282,248,642,59
1,801,233,105,303,217,80,6,3,324,635,645,801
0,359,658,465,641,645,485,612,149,373,6,646,635
1,212,801,472,748,36,151,286,381,127,461,642,545
1,658,646,462,127,763,743,279,260,598,131,530,642
0,586,785,641,306,445,721,785,645,646,801,701,308
1,472,798,788,36,530,485,465,113,227,748,303,485
1,786,598,788,645,303,641,243,130,637,594,479,445
0,184,286,113,6,248,685,405,448,503,18,461,530
1,254,787,485,801,798,645,248,94,658,645,465,38
1,286,752,785,485,645,646,807,598,658,700,472,392
0,637,376,760,479,141,542,123,720,748,248,508,207
0,162,0,0,0,0,0,184,6,598,797,748,445
1,212,381,242,645,9,132,555,596,149,184,475,530
1,637,461,127,149,658,196,6,497,472,598,445,462
0,645,625,787,199,758,646,642,9,796,786,778,214
1,719,658,720,680,652,663,786,6,658,798,645,637
0,212,801,472,748,36,151,254,787,485,801,798,645
0,65,786,462,472,784,36,461,598,748,645,310,373
1,646,801,748,579,645,6,6,479,645,806,497,658
0,279,260,490,145,132,113,65,248,530,641,479,801
1,786,598,788,645,303,641,797,719,637,251,445,494
0,380,748,472,598,149,392,797,721,785,658,303,645
0,800,142,354,6,378,91,405,448,503,18,461,530
1,254,787,485,801,798,645,279,260,230,598,641,785
1,248,530,462,279,141,537,373,212,143,244,214,658
0,208,65,214,642,687,195,798,787,462,381,485,645
1,637,719,145,798,658,784,798,248,801,645,788,145
1,6,545,248,787,472,485,465,748,598,36,113,445
0,212,149,555,462,658,497,254,787,485,801,798,645
1,485,308,658,645,479,801,645,625,787,199,758,646
0,786,719,184,707,801,38,798,787,462,381,485,645
1,212,381,242,645,9,132,658,248,497,801,645,806
0,720,445,748,641,462,428,786,145,385,15,445,788
0,254,658,715,720,472,797,254,785,743,303,494,647
0,6,450,785,647,788,212,445,485,212,248,788,145
1,254,787,485,801,798,645,130,145,647,485,645,212
0,65,78,184,798,658,645,530,143,68,121,563,303
1,373,485,647,308,658,530,324,6,3,691,423,553
0,785,428,645,537,798,494,646,801,786,658,645,428
0,586,785,641,306,445,721,6,788,485,645,798,494
0,127,485,479,645,801,658,785,497,6,784,479,149
1,286,752,785,485,645,646,785,645,212,485,720,788
0,768,15,254,806,555,344,49,635,442,785,625,752
0,212,149,555,462,658,497,528,36,472,113,6,798
0,785,428,645,537,798,494,646,801,786,658,645,428
1,279,139,260,212,800,591,743,445,497,798,127,801
0,212,445,485,479,658,787,254,787,485,801,798,645
0,785,645,646,801,701,308,798,145,113,786,149,308
0,65,462,794,786,645,598,254,787,485,801,798,645
1,303,647,36,145,494,646,197,376,350,94,248,445
0,3,786,472,801,462,658,625,806,797,184,645,113
1,485,145,248,462,195,787,785,6,701,658,598,645
1,65,786,462,472,784,36,658,645,6,701,598,445
0,658,212,635,785,450,184,279,230,260,598,797,184
1,673,149,89,227,479,15,625,645,646,127,743,785
1,373,764,475,632,807,380,658,485,645,787,303,145
0,745,478,760,778,26,430,658,392,779,774,612,452
1,38,28,91,473,784,36,113,645,302,132,786,485
1,131,641,465,89,786,260,637,788,658,645,212,380
0,428,797,748,785,445,637,398,642,113,801,461,380
0,245,244,243,450,530,142,786,785,497,130,530,494
0,646,785,701,801,645,308,38,28,91,473,784,36
0,530,497,303,130,637,786,38,28,91,473,784,36
1,279,230,260,598,797,184,279,658,490,641,598,260
1,437,214,609,297,65,103,785,658,485,460,475,381
1,658,646,462,127,763,743,719,494,596,376,381,213
1,786,785,497,130,530,494,308,635,80,641,530,797
0,598,748,485,145,36,380,38,28,91,473,784,36
1,20,89,229,302,658,198,3,71,254,598,465,154
1,279,658,598,260,748,801,359,284,237,468,617,101
0,303,479,485,645,787,798,445,485,212,248,788,145
0,6,94,248,373,560,673,245,248,445,89,479,151
0,380,658,555,350,213,94,359,284,237,468,617,101
1,38,28,91,473,784,36,184,530,646,497,786,494
1,212,381,242,645,9,132,212,494,479,113,445,785
0,494,646,381,462,227,423,131,641,465,89,786,260
0,334,579,537,385,248,227,646,788,798,485,212,645
1,647,494,473,784,798,212,94,6,637,645,598,642
1,359,284,237,468,617,101,785,485,647,635,3,645
1,494,801,130,530,701,785,472,462,445,308,786,461
1,248,641,385,6,647,645,279,260,36,227,479,184
0,485,787,645,658,428,145,748,113,142,272,279,461
0,786,785,701,743,308,645,645,497,303,786,373,479
1,260,38,134,135,212,196,445,641,778,526,537,560
1,445,442,468,448,407,350,6,398,785,471,598,235
0,720,798,479,645,6,184,49,635,442,785,625,752
1,645,497,303,786,373,479,719,260,646,494,748,798
0,785,497,645,130,798,73,385,777,468,308,573,91
1,598,784,752,145,219,786,641,579,472,212,647,785
0,635,494,596,3,534,227,666,303,184,645,743,785
1,212,381,242,645,9,132,645,785,308,797,445,721
0,127,752,801,612,647,785,131,641,465,89,786,260
1,450,748,485,145,380,801,324,3,308,788,658,149
0,445,658,479,385,641,494,398,642,113,801,461,380
0,553,598,658,145,212,494,666,303,184,645,743,785
1,645,497,303,786,373,479,465,113,227,748,36,485
1,719,797,645,658,497,784,785,15,701,38,445,479
1,666,303,184,645,743,785,450,748,485,145,380,801
1,658,530,497,472,798,279,359,284,105,237,468,617
0,65,658,479,445,598,485,666,303,184,645,743,785
0,212,381,242,645,9,132,591,302,36,472,113,563
1,3,292,226,472,178,195,798,462,786,65,645,598
1,359,284,105,237,468,617,380,658,555,350,213,530
0,598,787,658,748,323,635,359,284,105,237,468,617
1,450,748,485,145,380,801,248,797,260,798,392,303
1,3,292,226,472,178,195,658,113,303,494,645,647
0,359,284,105,237,468,617,637,658,475,598,785,701
1,620,719,485,113,497,145,516,512,514,424,645,57
1,494,801,130,530,701,785,479,381,485,730,89,645
1,671,598,3,286,497,787,494,248,530,149,479,801
1,598,784,752,145,219,786,646,658,303,145,806,537
0,494,646,801,130,798,645,260,279,658,211,598,641
1,721,494,6,324,392,485,658,212,786,472,784,473
1,596,292,348,637,666,768,485,787,645,658,428,145
0,145,94,658,598,6,646,485,647,786,65,472,89
0,342,801,784,658,212,251,3,292,226,472,178,195
1,279,230,260,598,797,184,805,462,380,645,658,784
0,450,530,462,472,658,465,801,479,645,719,497,720
0,748,797,645,461,308,785,324,380,586,229,801,645
0,645,764,15,658,461,462,65,806,786,801,445,130
1,530,658,497,479,308,472,748,797,658,445,787,641
0,130,625,785,229,743,645,279,230,260,598,797,184
0,637,785,598,380,303,472,3,292,226,472,178,195
1,671,598,3,286,497,787,286,785,658,65,601,445
1,598,784,752,145,219,786,130,248,637,530,3,641
0,214,260,798,145,149,494,127,105,642,801,594,641
1,3,292,226,472,178,195,646,645,788,598,637,359
1,801,645,785,214,658,798,279,230,260,598,797,184
0,754,91,213,242,381,807,65,806,786,801,445,130
0,793,449,49,473,637,282,38,31,71,695,631,324
0,612,248,465,748,785,637,65,786,485,641,465,645
0,658,645,6,794,801,785,106,184,701,546,15,534
1,212,381,242,645,9,132,645,658,807,598,89,6
1,279,260,230,598,785,641,658,485,303,145,472,787
1,127,105,642,801,594,641,786,248,227,494,479,445
1,598,784,752,145,219,786,26,635,785,212,721,645
0,701,130,786,462,646,392,798,793,645,385,479,130
0,376,596,658,356,719,212,212,381,242,645,9,132
1,625,319,637,641,645,598,646,658,3,645,485,786
0,65,663,445,254,6,658,359,284,105,468,617,237
0,26,785,15,598,248,641,598,784,752,145,219,786
1,658,645,6,794,801,785,485,787,479,658,303,645
1,472,197,302,748,36,465,485,184,645,615,308,695
1,212,94,785,727,752,623,637,646,645,598,461,479
1,385,380,485,646,149,787,279,260,342,598,454,642
0,303,445,479,598,658,151,494,303,785,748,598,645
1,482,6,785,658,485,65,430,59,774,547,510,254
1,598,658,645,494,801,719,530,641,646,748,248,145
0,149,801,530,778,130,642,3,292,226,472,178,195
1,279,260,490,598,658,641,195,3,6,94,398,149
0,6,494,530,788,645,635,149,15,462,645,788,461
0,462,91,494,547,784,545,354,541,442,373,400,196
1,775,645,788,462,647,530,445,380,637,207,785,748
0,750,730,724,492,472,448,450,248,645,553,178,658
0,212,381,242,645,9,132,106,184,701,546,15,534
0,132,6,787,645,658,807,145,248,385,645,465,658
0,497,625,778,213,127,784,598,784,785,701,641,474
1,279,658,490,641,598,260,205,130,645,786,494,801
1,94,6,637,645,598,642,598,784,752,145,219,786
0,642,719,641,748,658,797,645,303,658,473,462,226
0,385,380,485,646,149,787,658,212,645,485,748,798
1,89,658,571,630,53,553,788,598,6,645,785,658
0,9,485,773,286,798,472,380,784,797,248,113,530
1,106,184,701,546,15,534,497,701,145,6,785,784
0,450,530,462,472,658,465,65,658,598,637,745,642
1,149,494,6,798,785,801,113,36,472,598,479,302
1,65,151,59,787,658,707,778,530,743,658,127,806
0,798,462,748,380,645,229,212,381,242,645,9,132
1,798,706,743,359,612,398,359,105,468,284,94,617
1,530,658,497,479,308,472,637,450,260,376,635,462
1,785,479,462,205,752,637,445,6,448,807,658,131
0,645,748,380,658,787,485,598,784,752,145,219,786
1,528,36,472,113,6,798,279,260,230,479,184,798
0,55,785,598,279,581,645,212,381,242,645,9,132
1,385,380,485,646,149,787,494,398,617,719,547,373
1,721,6,485,555,727,806,641,579,472,212,647,785
1,286,0,0,0,0,0,286,0,0,0,0,0
1,797,719,497,784,645,658,445,385,6,645,788,798
1,785,479,462,205,752,637,18,160,448,706,464,793
0,445,474,36,302,350,197,528,36,472,113,6,798
1,787,380,485,26,748,212,445,184,727,641,462,254
0,784,635,308,445,555,395,38,778,798,748,6,302
0,212,381,242,645,9,132,184,91,302,474,36,598
1,279,658,701,798,260,785,3,324,308,485,658,788
1,279,658,701,798,260,785,3,324,308,485,658,788
0,801,184,488,323,145,598,785,479,462,205,752,637
1,785,479,462,205,752,637,9,637,706,635,454,45
1,658,645,303,497,485,398,428,784,534,794,286,448
1,6,797,658,36,645,497,279,260,641,807,598,113
0,181,497,134,758,398,445,798,787,462,381,485,645
1,359,105,284,94,617,468,3,184,797,445,373,787
1,254,573,695,685,350,319,65,465,500,658,645,785
0,279,260,641,807,598,113,598,784,752,145,219,786
0,376,9,212,381,635,645,475,646,145,385,645,788
1,31,130,376,635,346,768,547,94,3,151,645,248
0,797,248,787,798,151,748,625,743,787,798,380,485
1,212,381,242,645,9,132,65,34,785,248,373,598
0,445,479,797,113,3,785,89,658,571,630,53,553
0,445,184,727,641,625,254,428,784,534,794,286,448
1,598,784,752,145,219,786,785,227,701,497,658,15
0,637,450,260,376,635,462,359,105,284,94,617,468
1,785,479,462,205,752,637,462,468,407,461,450,475
0,214,472,254,6,727,143,482,6,785,658,485,65
0,248,647,797,641,642,445,719,752,642,89,805,488
1,380,784,797,248,113,530,598,784,752,145,219,786
0,598,787,658,748,323,635,254,573,695,685,350,319
1,798,787,462,381,485,645,65,571,472,797,658,798
0,6,324,787,71,555,485,461,642,658,6,752,445
0,598,248,472,645,6,479,475,646,145,385,645,788
1,89,658,571,630,53,553,385,282,553,752,462,706
1,244,748,286,625,149,719,530,786,798,6,647,145
1,598,260,279,658,641,184,80,462,344,6,567,378
1,323,805,488,801,184,800,801,233,105,303,217,80
0,617,398,719,645,494,149,784,786,788,797,645,796
0,65,801,36,787,303,105,214,260,798,145,149,494
1,598,784,752,145,219,786,798,212,785,787,142,485
1,598,658,701,485,787,479,428,342,645,385,788,145
1,392,407,94,73,472,212,323,805,488,801,184,800
1,248,113,80,145,598,794,113,36,472,598,479,302
0,65,786,494,598,645,145,65,105,799,701,787,801
1,598,784,752,145,219,786,145,428,645,461,788,497
0,260,279,73,141,230,777,308,798,785,445,641,701
0,719,423,465,660,801,641,637,303,658,645,787,485
0,497,801,658,308,145,645,465,282,641,462,445,748
0,91,785,784,130,472,786,598,784,752,145,219,786
0,490,149,785,701,787,485,212,381,242,645,748,658
1,279,658,701,798,260,785,480,105,303,801,787,488
1,94,6,637,645,598,642,260,279,73,141,230,777
1,598,784,752,145,219,786,235,494,248,212,787,625
0,530,658,149,801,145,65,801,233,105,303,217,80
0,248,445,530,36,645,479,801,637,786,308,445,530
0,6,658,113,462,598,701,89,658,571,302,53,553
1,571,184,192,655,169,260,213,385,113,646,748,260
0,721,494,6,324,392,485,248,113,80,145,598,794
1,89,658,571,302,53,553,145,635,376,461,160,310
0,719,423,465,660,801,641,571,232,454,752,786,319
1,282,658,479,392,598,645,392,407,94,73,472,212
0,637,700,428,598,571,130,635,395,398,786,89,106
0,475,625,445,598,785,645,494,385,145,798,788,553
0,6,752,798,721,642,385,598,784,752,145,219,786
1,645,6,785,801,658,701,485,641,645,598,479,65
1,494,385,145,798,788,553,719,423,465,660,801,641
0,748,59,465,212,445,227,248,445,472,530,450,346
0,195,113,635,465,609,306,143,637,132,474,680,142
1,248,645,748,598,785,641,482,6,530,658,645,461
0,786,785,645,784,310,801,807,497,6,645,748,151
0,658,748,149,474,3,530,380,784,797,248,113,530
0,450,787,373,132,432,697,80,462,205,6,567,378
0,6,645,798,658,785,701,807,497,6,645,748,151
0,788,91,807,6,797,785,658,785,701,798,130,6
1,719,423,465,660,801,641,801,785,6,641,701,645
0,645,3,797,801,806,748,15,462,645,248,609,479
1,15,635,212,797,445,151,306,113,36,594,151,145
1,212,715,230,537,186,184,65,801,36,787,303,105
0,797,302,113,771,465,472,462,91,494,547,784,545
1,798,787,462,381,485,645,658,645,6,646,787,445
1,143,637,132,474,680,142,36,801,445,658,787,89
0,528,785,497,130,784,530,302,292,36,113,748,472
1,658,279,260,598,145,806,719,480,462,788,598,701
0,65,645,788,248,462,798,798,787,462,381,485,645
1,807,497,6,645,748,151,490,658,279,598,260,641
0,428,392,701,490,445,806,719,132,474,385,796,468
0,169,598,485,594,468,178,132,145,113,748,227,302
1,260,279,490,598,641,658,598,748,645,785,806,308
1,719,465,445,658,385,145,798,787,462,381,485,645
1,184,279,260,598,641,658,785,701,658,3,445,797
1,286,658,758,530,461,381,645,530,145,130,788,637
1,423,719,465,801,641,660,302,113,748,598,472,195
1,798,787,462,381,485,645,6,658,113,462,598,701
0,645,748,248,658,145,786,482,248,806,788,645,497
0,485,330,324,6,178,211,303,718,785,579,752,36
1,801,233,105,303,217,80,764,6,324,3,494,645
1,646,748,641,645,385,787,788,807,113,127,798,145
1,719,132,474,385,796,468,472,748,658,303,145,474
1,785,479,462,205,752,637,796,637,625,303,658,806
0,806,302,645,637,748,591,245,465,302,797,113,380
0,65,497,530,373,462,130,625,806,797,184,645,113
0,248,797,445,598,232,719,785,479,462,205,752,637
1,807,497,6,645,748,151,658,479,472,445,248,485
1,241,626,652,609,212,701,637,797,701,798,785,127
1,784,786,788,797,645,796,788,6,645,598,786,785
1,801,233,105,303,217,80,279,260,642,537,797,658
0,184,462,645,637,598,127,472,788,485,428,787,701
0,494,646,381,462,227,423,785,245,168,641,598,701
1,49,635,442,785,625,752,497,494,214,485,748,645
1,6,9,3,65,143,112,485,145,706,785,91,359
0,598,479,113,637,641,534,691,68,630,306,251,233
1,658,151,801,308,798,445,279,658,490,641,598,260
1,784,786,788,797,645,796,362,538,227,609,752,31
1,242,302,658,645,748,787,480,801,303,787,488,105
1,785,645,342,801,15,658,302,227,706,132,488,113
1,801,233,105,303,217,80,6,806,798,797,645,788
0,479,34,752,598,494,658,784,598,786,645,658,748
0,646,445,671,798,6,788,54,176,121,118,186,130
0,212,479,645,646,785,485,171,130,91,479,658,594
1,462,91,494,547,784,545,279,260,211,785,701,462
0,786,65,645,658,465,641,306,113,36,594,151,145
0,645,479,701,786,428,286,6,130,149,248,94,212
0,6,658,212,745,254,26,55,785,598,279,581,645
1,306,113,36,594,151,145,308,248,465,485,645,785
0,645,460,462,788,798,658,279,260,230,211,785,701
0,563,635,626,604,537,625,143,637,132,474,3,468
0,784,212,132,641,485,423,472,788,485,428,787,701
1,658,3,625,227,642,423,212,788,465,145,658,645
0,798,701,785,801,130,482,279,658,490,641,598,260
0,113,36,472,598,479,302,801,233,105,303,217,80
1,617,398,302,645,494,113,113,303,797,479,494,132
1,807,645,385,302,788,637,245,465,302,797,113,380
1,324,3,555,764,149,73,113,645,302,465,658,788
1,36,227,89,65,26,785,658,701,596,497,445,6
0,703,758,134,630,724,59,784,248,373,376,612,635
0,707,6,701,787,785,786,38,645,801,806,130,798
0,798,248,801,645,788,145,306,113,36,594,151,145
0,743,445,798,801,497,127,65,105,799,701,787,801
1,801,323,787,342,480,488,497,801,658,308,145,645
0,798,248,801,645,788,145,65,105,799,701,787,801
1,598,793,530,248,472,251,445,380,787,494,485,785
0,184,279,260,598,641,658,3,645,80,485,778,113
0,380,184,637,472,641,748,36,227,89,65,26,785
1,248,530,465,145,579,748,485,36,801,787,184,707
1,785,645,342,801,15,658,103,6,244,645,377,121
0,801,719,787,537,497,645,212,715,230,537,186,184
1,801,233,105,303,217,80,6,497,645,530,801,658
1,480,805,488,801,184,105,485,798,787,303,479,645
0,785,701,658,3,445,797,798,645,65,785,748,658
1,658,785,701,798,130,6,780,151,620,145,130,628
0,797,485,801,479,127,645,26,785,362,639,184,227
1,785,645,342,801,15,658,423,797,485,787,646,719
0,113,6,801,494,645,658,461,324,3,788,6,645
1,324,3,555,764,149,73,227,113,248,242,472,197
1,786,801,113,719,798,645,637,149,362,788,494,645
1,184,186,706,454,260,479,645,113,303,658,798,788
0,302,474,748,797,706,197,658,227,462,381,494,472
1,798,282,658,385,445,151,530,719,248,637,497,788
1,786,350,3,472,20,479,445,685,609,178,398,490
1,143,637,132,474,286,774,248,423,462,641,787,798
1,306,113,36,594,151,145,127,788,485,658,645,598
0,3,113,778,645,801,80,798,645,65,785,748,658
1,497,701,785,797,719,647,6,798,485,645,787,461
1,801,719,787,537,497,645,248,798,310,752,645,385
1,801,233,480,342,303,105,381,797,6,38,658,807
1,497,801,658,308,145,645,184,479,724,303,445,94
0,534,479,398,474,462,302,785,645,342,801,15,658
1,437,208,448,130,248,785,639,227,94,132,212,642
0,798,282,658,385,445,151,149,461,797,385,571,380
0,743,786,719,784,785,645,3,145,788,445,801,113
1,530,306,544,301,235,121,452,184,461,764,609,260
0,302,227,706,132,488,545,798,282,658,385,445,151
0,113,6,801,494,645,658,6,641,748,598,786,645
1,145,462,788,308,445,658,6,658,145,598,645,748
0,701,497,494,65,530,786,306,113,36,594,151,145
1,428,700,748,381,645,806,768,445,164,211,51,407
0,205,130,645,786,494,801,227,428,579,113,472,748
0,423,350,442,445,448,468,497,6,134,34,534,785
1,127,105,642,801,594,641,212,786,145,380,113,798
1,279,260,641,752,465,658,248,788,645,94,494,598
1,785,645,342,801,15,658,279,385,260,641,598,135
1,475,479,801,645,720,798,324,445,3,229,494,641
1,494,227,36,214,260,472,786,658,645,65,462,801
0,796,806,793,794,797,798,801,233,105,303,217,80
1,65,801,36,787,303,105,785,645,530,6,248,701
1,637,647,145,801,494,308,473,658,645,801,127,145
0,6,788,598,645,658,807,801,233,480,342,303,105
0,127,105,642,801,594,641,227,428,579,113,472,748
1,36,598,701,785,645,6,94,497,145,784,645,212
1,286,91,530,748,637,282,468,373,6,142,472,227
1,437,208,448,130,248,785,65,113,277,227,642,494
0,3,324,786,279,437,221,279,260,641,752,465,658
1,212,786,145,380,113,798,785,645,530,6,248,701
0,472,385,727,778,530,788,248,423,530,526,745,645
0,748,786,596,797,6,571,323,488,801,145,658,787
1,130,214,53,34,217,743,303,485,752,798,787,381
0,784,598,38,637,472,719,645,658,798,308,801,479
0,437,208,448,130,248,785,785,701,658,3,445,797
1,26,785,362,639,184,227,214,461,743,445,798,788
1,205,130,645,786,494,801,784,598,38,637,472,719
0,424,719,701,450,0,0,145,113,241,598,0,0
1,3,113,778,645,801,80,184,248,472,113,637,302
1,485,801,645,785,701,308,113,645,302,132,786,485
0,645,6,788,801,787,485,260,641,186,235,490,786
0,658,212,788,465,485,645,646,113,145,658,308,806
1,646,497,212,485,658,145,785,485,748,308,798,645
1,646,113,145,658,308,806,754,94,342,6,470,260
1,645,457,279,212,465,707,373,149,635,445,376,706
1,169,571,34,523,719,748,645,778,350,212,786,145
1,6,113,530,494,785,645,798,248,801,645,788,145
0,9,197,571,448,474,772,494,807,302,798,784,130
0,494,598,645,248,786,385,324,3,555,764,149,73
1,248,645,788,801,465,485,801,233,480,342,460,805
1,596,205,752,214,212,637,482,6,530,658,645,461
0,65,806,445,797,598,798,303,479,485,465,450,671
1,437,208,448,130,248,785,701,785,303,530,647,472
1,780,151,620,145,130,628,720,212,645,788,786,310
0,645,212,244,788,553,598,646,113,145,658,308,806
1,306,113,36,594,151,145,233,385,130,645,497,6
0,646,658,598,36,151,625,465,282,641,462,445,748
0,806,479,719,784,560,145,646,497,212,485,658,145
1,6,113,530,494,785,645,798,248,801,645,788,145
0,675,53,212,563,452,302,745,727,233,658,248,145
1,646,113,145,658,308,806,497,625,778,127,213,784
0,212,113,462,641,579,445,34,110,748,169,89,545
0,801,143,796,475,685,151,801,233,480,342,460,805
0,91,3,130,596,645,485,596,149,530,806,308,38
1,303,497,479,645,485,787,302,485,748,641,473,787
0,303,645,786,485,641,465,805,488,801,342,323,184
1,213,385,286,380,91,637,658,445,462,479,598,303
1,786,3,94,637,178,645,145,260,279,381,598,658
1,646,113,145,658,308,806,658,186,479,721,785,472
1,279,490,260,786,38,801,65,797,748,36,472,248
0,310,395,233,286,778,645,472,248,748,36,465,227
1,685,625,806,308,645,786,65,797,748,36,472,248
0,142,445,721,615,766,786,245,465,302,797,113,380
0,645,184,701,785,302,798,303,645,798,658,801,784
1,437,208,448,130,248,785,6,385,647,36,248,227
1,65,797,748,36,472,248,801,658,445,145,308,798
0,6,758,787,437,788,807,646,113,145,658,308,806
0,145,786,701,113,195,212,213,385,286,380,91,637
0,801,143,796,475,685,743,3,113,778,645,801,80
1,184,658,392,497,461,142,145,260,381,598,658,6
1,354,80,123,235,413,248,145,260,279,381,598,658
1,671,428,645,797,594,89,359,151,462,78,711,530
0,437,208,448,130,248,785,646,105,303,788,642,645
0,785,645,530,6,248,701,658,645,778,303,646,798
0,392,645,788,428,785,149,645,479,145,465,385,334
0,145,479,785,310,26,76,428,786,123,423,145,113
1,303,337,478,620,169,78,303,598,378,91,806,472
1,801,308,248,479,445,641,423,719,465,801,641,660
0,785,645,530,6,248,701,645,785,646,748,801,428
1,632,631,454,645,212,373,127,530,642,752,784,801
0,113,645,801,80,786,15,637,530,798,785,645,130
0,6,758,787,437,788,807,385,279,141,584,614,609
0,279,598,658,184,260,145,26,785,362,639,184,227
0,15,635,680,720,806,34,596,720,105,89,169,637
1,380,645,113,637,227,184,462,537,645,785,658,380
1,303,337,478,620,169,78,6,646,748,598,785,248
0,645,6,145,658,494,598,212,806,113,645,646,385
0,25,479,618,596,405,807,807,785,466,642,405,596
1,645,785,646,748,801,428,685,625,806,308,645,786
0,785,646,645,647,212,494,637,787,473,485,73,359
1,308,785,646,701,798,645,645,786,787,637,462,719
1,303,641,787,485,785,806,130,254,227,135,494,423
0,658,786,801,645,65,701,787,145,485,248,798,381
0,777,131,494,645,719,658,632,631,454,645,212,373
1,428,227,36,530,748,248,748,598,485,645,380,658
1,303,337,478,620,169,78,598,279,260,641,462,272
1,260,279,785,701,598,658,36,472,461,380,485,598
0,797,380,145,646,786,303,334,707,184,210,468,801
1,303,337,478,620,169,78,497,184,279,227,701,145
1,768,405,212,724,392,658,663,745,448,181,94,130
1,184,76,376,727,642,720,784,184,801,186,248,145
1,277,658,3,785,392,530,279,658,428,785,598,230
0,428,786,123,658,145,113,497,308,645,798,658,494
1,303,658,445,479,641,801,36,145,130,113,15,94
0,428,342,645,385,788,145,632,631,454,645,212,373
0,6,497,637,645,149,787,497,701,785,797,719,647
0,637,65,227,798,786,113,303,658,381,645,785,598
1,530,248,645,788,748,465,796,497,149,637,398,227
1,645,457,151,212,465,707,76,645,248,497,637,748
1,646,571,212,91,59,598,145,485,787,658,308,778
0,798,248,801,645,788,145,36,472,461,380,485,598
0,497,784,658,6,235,472,303,423,797,36,641,658
1,632,631,454,645,212,373,127,248,530,663,286,646
0,452,701,784,286,392,448,445,212,376,786,145,472
1,497,784,395,758,26,445,474,482,637,612,6,302
0,479,598,658,637,308,445,778,279,230,260,798,801
1,428,342,645,385,788,145,752,786,701,497,91,445
0,658,485,798,785,784,428,428,342,645,385,788,145
1,302,465,113,748,227,36,645,479,145,465,385,334
1,528,36,472,113,6,798,658,65,479,645,798,787
1,385,248,530,720,494,784,645,319,437,555,724,145
0,302,113,195,465,151,145,806,787,479,645,798,6
0,15,462,645,248,609,479,497,308,645,798,658,494
0,801,658,445,145,308,798,6,497,637,645,149,787
1,632,631,454,645,212,373,798,248,801,645,788,145
1,785,701,308,646,801,645,788,645,598,658,494,428
0,461,473,205,134,143,169,678,485,460,642,373,9
1,6,227,658,553,778,497,15,462,645,248,609,479
1,428,342,645,385,788,145,385,248,530,720,494,784
0,785,279,407,260,598,798,303,645,658,641,479,598
0,380,764,750,197,134,727,212,392,207,430,114,780
1,423,719,465,801,641,660,797,248,787,798,151,748
0,472,494,720,701,785,380,632,631,454,645,212,373
1,184,462,6,472,127,254,38,445,233,534,472,91
0,658,785,784,719,797,36,528,36,472,113,6,798
0,212,715,230,537,186,184,461,324,3,788,6,645
1,494,598,645,248,786,385,497,784,502,727,523,445
0,379,724,794,445,145,428,798,645,658,785,598,308
0,279,230,785,260,598,701,645,786,373,806,235,598
0,530,658,784,801,130,796,428,342,645,385,788,145
1,214,497,385,468,718,227,598,260,279,658,641,184
0,798,787,462,381,485,645,385,248,530,720,494,784
0,6,645,798,797,785,479,428,474,264,760,113,648
0,461,306,149,59,730,196,658,279,260,598,145,806
1,424,625,806,302,245,130,398,196,135,248,806,445
1,801,308,248,479,445,641,212,715,230,537,186,184
0,474,641,105,655,131,67,245,657,621,36,376,352
0,308,645,461,797,647,494,625,3,647,227,485,113
0,131,445,407,405,229,796,645,494,785,701,784,617
0,184,462,6,472,127,254,65,798,788,637,248,797
1,707,497,786,743,15,645,197,748,658,376,15,547
0,15,462,645,248,609,479,442,407,448,468,350,445
1,798,645,658,785,598,308,645,642,497,303,445,38
1,658,279,260,598,145,806,423,145,787,658,719,385
0,598,260,279,658,641,184,279,230,260,598,797,184
0,3,788,227,801,494,758,385,248,530,720,494,784
1,748,485,130,472,786,787,334,113,748,227,579,801
1,485,801,645,785,701,308,530,658,784,801,130,796
0,784,308,806,706,344,721,303,641,787,485,785,806
1,385,248,530,720,494,784,306,242,472,132,748,488
0,113,801,195,786,302,645,528,36,472,113,6,798
0,445,555,94,801,658,645,658,3,625,227,642,423
0,563,479,303,787,658,485,423,145,310,36,798,707
0,244,720,212,145,646,787,437,208,448,130,248,785
0,497,571,784,796,248,445,428,461,748,645,407,149
0,423,719,465,801,641,660,279,230,260,598,797,184
1,806,113,719,445,227,571,752,786,701,497,91,445
1,302,94,637,65,80,724,778,609,637,806,794,200
0,497,485,380,647,645,785,632,631,454,645,212,373
1,385,248,530,720,494,784,797,796,3,697,485,149
1,625,380,485,598,645,479,785,645,801,497,248,130
0,645,658,6,801,479,497,65,786,462,645,479,798
1,784,308,806,706,344,721,445,248,160,787,485,596
0,65,798,788,637,248,797,646,645,462,748,465,798
0,721,494,6,324,392,485,381,798,801,788,145,645
1,184,462,6,472,127,254,398,362,482,385,184,530
0,423,485,429,526,719,508,279,260,490,658,465,395
0,65,598,647,145,645,494,248,798,36,151,647,142
0,214,145,479,485,785,786,437,208,448,130,248,785
1,430,6,472,36,780,604,645,788,479,38,375,302
0,6,645,113,598,641,646,784,308,806,706,344,721
1,693,805,497,465,303,480,785,6,497,720,113,794
0,279,230,785,260,598,701,65,598,798,752,145,609
1,784,785,130,645,801,701,279,260,598,658,801,641
1,801,308,248,479,445,641,423,719,465,801,641,660
0,149,127,778,530,490,482,303,373,788,494,642,65
1,625,380,485,598,645,479,169,534,598,658,788,445
1,579,793,227,472,302,113,3,445,645,658,788,797
1,214,423,797,461,645,485,302,113,195,465,151,145
1,528,36,472,113,6,798,184,465,485,645,786,65
1,248,445,472,530,450,346,91,798,303,637,774,689
0,473,658,645,801,127,145,279,230,260,598,797,184
1,601,785,598,472,647,132,465,130,232,786,797,479
1,279,260,598,641,658,801,798,645,658,462,428,788
1,381,798,801,788,145,645,801,76,641,380,798,537
0,646,788,208,720,407,169,6,658,785,445,248,530
0,701,785,260,279,230,598,637,788,645,303,598,748
1,303,645,798,658,801,784,475,479,645,786,801,784
1,113,286,637,143,212,178,184,485,198,232,6,787
0,65,801,36,787,303,105,279,230,260,598,797,184
1,149,212,645,113,462,658,475,479,801,645,720,798
1,598,279,342,658,786,260,786,658,645,801,641,6
0,244,720,212,145,646,787,279,598,658,260,641,490
1,703,707,184,210,468,801,429,711,510,169,596,94
0,474,359,482,245,637,612,494,398,617,748,227,36
0,472,658,279,260,748,798,308,479,598,645,748,787
1,658,254,197,625,373,292,625,213,642,788,248,798
1,768,308,658,485,788,787,282,462,786,598,145,537
0,248,472,641,645,598,748,248,801,65,479,645,465
0,798,646,36,245,485,251,475,786,637,641,645,598
1,806,6,485,645,248,530,302,598,658,748,494,497
0,787,462,641,65,806,490,494,398,617,748,227,36
0,68,531,89,105,80,334,160,784,798,785,65,110
1,468,381,212,647,645,485,157,330,3,227,143,350
0,494,3,227,324,719,423,303,645,798,658,801,784
1,494,398,617,748,227,36,145,786,445,227,385,806
0,798,720,596,184,748,784,646,645,462,748,465,798
1,25,3,6,9,143,131,784,797,475,286,645,798
0,272,260,497,227,534,784,494,398,617,748,227,36
1,65,786,462,645,479,798,494,786,645,598,479,303
0,304,303,625,797,801,798,6,745,658,445,598,788
0,445,598,184,65,145,485,184,462,6,472,768,254
0,3,73,706,82,130,768,248,472,641,645,598,748
1,645,658,6,801,479,497,3,324,786,398,6,36
1,381,798,801,788,145,645,720,445,462,212,130,641
0,94,212,445,645,658,465,461,646,719,798,720,645
1,160,784,798,785,65,110,65,91,778,545,497,392
1,303,645,798,658,801,784,113,303,797,479,494,132
1,279,658,490,641,598,260,279,230,260,598,797,184
0,302,113,227,748,346,195,214,145,479,485,785,786
1,248,798,36,151,647,142,260,279,658,598,381,490
0,130,260,248,212,151,758,303,641,787,485,785,806
1,748,485,798,785,701,472,445,6,479,801,787,798
0,373,448,778,721,197,479,461,646,719,798,720,645
0,468,68,385,9,65,778,598,36,748,227,113,302
1,798,647,701,82,445,248,15,445,184,806,635,680
0,65,149,248,36,189,547,248,445,472,530,450,346
1,461,646,719,798,720,645,724,752,254,784,720,411
1,248,472,641,645,598,748,38,392,553,738,706,28
0,279,658,490,641,598,260,472,132,785,598,130,445
0,254,635,658,645,145,778,160,784,798,785,65,110
1,801,308,248,479,445,641,279,230,260,598,797,490
1,324,248,530,229,647,143,646,145,344,130,707,637
0,145,36,472,113,465,151,3,645,80,485,778,113
1,687,0,0,0,0,0,113,0,0,0,0,0
1,645,786,373,806,235,598,748,598,142,641,310,248
1,428,342,645,385,788,145,212,468,105,594,107,65
1,279,260,230,385,184,641,6,248,701,530,787,130
1,642,801,530,785,637,130,6,485,658,598,788,798
0,571,94,376,214,645,365,346,423,530,221,450,793
0,442,637,428,621,91,700,260,598,279,658,641,184
1,798,647,701,82,445,248,15,445,184,806,635,680
1,646,571,212,91,59,598,707,130,466,251,282,485
1,658,254,197,625,373,292,445,65,658,130,555,145
0,784,6,796,625,547,482,279,230,260,598,797,490
1,707,719,786,685,778,743,381,778,773,785,680,806
0,797,750,748,806,778,787,248,472,641,645,598,748
0,472,6,727,149,625,788,198,229,796,344,758,461
1,798,787,462,381,485,645,3,38,794,472,748,658
0,701,785,787,485,647,212,18,450,492,479,319,89
0,579,89,135,465,121,745,184,462,6,472,768,254
0,798,647,701,82,445,248,15,445,184,806,635,680
1,805,646,462,184,719,214,428,342,645,385,788,145
0,658,308,462,645,786,598,786,719,385,645,145,248
1,279,230,260,598,797,490,302,113,748,598,472,195
1,642,801,530,785,637,130,798,248,801,645,788,145
0,787,785,786,788,212,472,303,645,798,658,801,784
0,53,169,426,89,303,47,105,319,472,295,356,210
0,635,205,748,778,609,52,798,787,462,381,485,645
1,248,472,641,645,598,748,748,308,663,445,637,227
0,212,472,485,748,798,479,450,658,642,3,637,205
0,796,785,807,492,701,485,303,645,798,658,801,784
1,798,721,645,720,719,646,248,727,635,342,630,89
1,658,227,15,660,671,237,764,380,750,735,462,134
0,178,229,478,429,472,227,461,646,719,798,720,645
0,801,308,248,479,445,641,798,786,787,445,462,719
0,6,786,724,473,571,647,279,260,598,658,801,641
0,646,701,785,797,719,647,385,637,787,286,127,145
1,279,230,260,598,797,490,3,36,494,462,720,89
0,145,36,472,113,465,151,594,645,479,184,105,212
0,645,658,65,641,485,465,641,785,473,423,65,801
1,658,3,625,227,642,423,719,184,472,36,385,78
0,248,472,641,645,598,748,530,786,130,303,637,497
0,113,0,0,0,0,0,461,646,719,798,720,645
0,637,248,645,748,798,658,248,727,635,342,630,89
0,254,785,748,465,340,621,612,598,110,658,207,243
0,658,197,745,3,398,6,302,589,51,510,260,474
0,719,227,244,330,423,479,380,465,785,221,700,59
1,279,230,260,598,797,490,480,801,488,609,184,323
0,445,748,472,784,785,658,701,658,208,205,381,637
1,392,445,419,398,466,3,576,786,36,445,701,806
0,658,645,785,719,797,497,500,282,350,198,445,462
1,666,709,772,604,354,464,806,641,788,248,530,797
1,376,472,700,310,748,113,786,248,472,701,598,658
1,658,254,197,625,373,292,785,658,645,801,380,798
0,6,534,706,242,642,794,798,787,462,381,485,645
1,801,788,145,308,645,785,121,145,113,798,248,806
0,6,398,395,197,306,330,494,798,3,658,6,149
1,719,785,292,646,530,642,212,445,786,801,641,494
0,381,797,6,38,658,807,571,145,184,637,36,645
0,786,248,598,658,645,494,76,800,658,625,784,645
1,337,752,724,645,334,462,248,346,302,113,787,195
0,428,494,788,598,113,645,752,786,701,497,784,6
1,617,461,184,306,479,645,130,530,428,778,748,612
1,646,785,308,645,801,701,637,645,788,308,598,658
0,130,254,227,135,494,423,15,373,248,356,798,788
1,279,18,797,642,641,645,6,479,637,324,392,485
0,121,145,113,798,248,806,497,490,743,530,784,127
0,149,127,778,530,490,482,279,230,260,598,797,490
0,475,806,184,479,385,472,76,800,658,625,784,645
0,645,785,130,598,637,793,3,113,145,494,645,778
1,623,105,308,376,151,794,89,94,623,105,553,356
0,428,658,748,641,462,472,385,479,445,65,485,798
1,743,445,497,798,127,801,788,485,645,784,65,36
0,38,477,260,784,801,715,36,579,645,242,591,594
0,651,538,746,372,467,724,658,254,197,625,373,292
1,245,149,36,485,251,479,658,785,279,260,701,798
0,6,485,658,598,788,497,497,490,743,530,784,127
1,658,197,745,3,398,6,555,497,658,715,448,135
1,279,260,490,658,465,395,248,530,423,485,429,411
1,445,248,36,530,494,641,658,485,642,798,380,184
0,785,130,701,645,485,786,65,752,601,784,462,645
1,768,3,112,169,807,658,248,788,530,132,380,145
1,785,646,381,3,645,801,778,212,149,304,658,785
0,26,785,645,752,598,89,6,260,286,248,398,472
1,15,462,645,248,609,479,530,248,485,645,801,658
0,381,227,612,479,226,289,428,494,248,379,479,468
1,227,700,94,635,68,750,530,494,786,798,130,778
0,310,645,342,465,485,641,282,284,189,330,452,308
1,132,145,113,748,227,302,485,36,748,428,145,687
1,25,658,785,254,106,617,701,310,598,658,645,785
1,724,746,773,786,800,805,475,786,89,145,445,598
0,645,6,788,324,71,80,113,6,801,494,645,637
1,241,233,113,695,428,760,130,134,121,490,479,689
0,472,598,748,248,641,380,719,785,292,646,530,642
1,248,472,641,645,598,748,637,645,94,184,598,380
0,748,598,485,645,380,658,799,45,36,658,464,797
1,248,445,472,530,450,346,784,768,727,745,25,724
0,149,801,212,598,637,658,65,561,292,719,472,62
1,59,6,658,786,685,598,279,260,658,479,282,680
0,771,256,473,149,784,302,787,801,308,806,380,658
0,530,658,784,801,130,642,15,788,658,645,145,494
1,785,801,472,748,36,151,279,230,260,598,184,797
0,385,279,260,230,642,598,279,598,658,260,641,184
0,645,445,625,15,785,658,297,678,475,286,196,79
0,6,472,748,151,474,89,6,801,785,701,784,530
0,302,113,748,598,472,195,472,598,748,248,641,380
1,635,778,625,787,282,689,260,279,785,212,227,784
1,445,212,392,727,715,781,130,637,251,784,461,205
1,248,472,641,645,598,748,184,530,660,485,598,65
1,494,798,3,658,6,149,212,494,143,65,251,645
0,645,6,786,494,3,324,719,801,233,807,663,465
1,760,776,788,745,798,773,284,59,594,787,750,143
1,385,479,445,65,485,798,3,687,706,700,658,806
1,248,778,801,658,145,598,65,786,462,645,752,563
0,36,303,485,423,641,645,143,1,6,701,658,232
1,798,475,778,786,596,645,65,113,80,145,555,645
0,626,279,658,719,646,500,641,724,445,658,598,494
1,279,260,490,658,465,395,423,485,429,411,526,719
0,130,778,642,494,530,794,647,641,485,465,786,212
0,212,494,143,65,251,645,381,797,748,468,308,113
1,151,720,6,395,398,630,279,598,763,658,184,260
1,286,635,752,645,181,797,598,428,645,637,184,806
0,302,151,758,80,227,385,303,641,787,485,785,806
1,248,212,381,748,465,645,308,785,801,645,465,788
1,130,784,786,701,785,645,784,591,227,359,806,537
0,38,205,202,51,3,637,454,279,45,302,437,196
1,279,260,141,272,801,462,6,625,376,521,248,461
0,571,645,658,127,145,598,214,596,497,642,645,721
0,212,479,645,785,646,485,494,786,485,428,635,645
0,279,260,641,785,598,658,479,212,494,310,591,645
1,3,145,645,784,801,479,798,248,801,645,788,145
0,380,113,195,472,748,151,719,645,658,637,798,788
0,149,787,497,6,645,637,101,625,308,149,796,142
0,65,786,214,645,658,462,373,485,785,380,645,801
1,308,701,785,598,658,645,279,598,641,658,260,490
0,778,806,94,105,647,145,719,658,797,798,485,807
0,719,598,658,494,785,645,212,479,645,785,646,485
1,241,233,113,695,428,760,130,134,121,647,479,91
0,478,658,469,417,398,606,475,468,113,598,596,647
1,297,678,475,286,196,79,286,752,793,260,663,428
0,36,65,0,0,0,0,6,530,38,132,227,151
1,235,311,83,466,441,463,6,793,800,184,806,719
0,36,787,303,381,385,801,65,462,598,658,788,645
0,798,645,658,785,598,308,151,445,787,801,105,488
0,202,94,151,720,563,212,707,211,350,598,452,655
0,212,798,445,645,635,385,279,260,641,785,598,658
1,6,260,286,248,398,472,9,645,36,798,807,806
1,6,479,637,324,392,485,658,785,380,598,645,113
1,748,485,130,472,786,787,65,797,748,450,530,658
1,308,645,465,445,748,658,730,655,724,630,445,306
0,785,303,701,151,801,645,480,105,303,488,801,342
1,304,303,625,797,801,798,279,260,230,131,748,132
1,282,786,598,537,145,462,6,788,145,485,645,212
1,428,645,248,658,797,784,478,645,801,94,806,778
1,65,778,658,472,637,149,385,279,260,230,642,598
0,302,113,771,713,145,472,675,392,130,310,788,720
0,658,645,785,719,797,497,637,685,788,310,445,205
0,641,465,184,445,6,494,534,658,545,594,700,462
1,145,801,645,212,806,647,460,385,121,392,553,144
0,445,798,594,36,306,697,748,242,302,472,282,73
0,235,778,184,445,6,798,445,248,36,530,494,641
1,222,385,226,184,154,754,658,748,598,127,635,472
0,618,212,547,494,445,130,721,260,563,18,784,479
1,637,685,788,310,445,205,658,785,279,260,701,798
1,743,106,73,646,494,445,89,34,793,3,748,169
1,241,130,233,12,200,91,764,485,227,645,785,132
1,15,462,645,248,609,479,251,647,6,785,485,445
0,798,248,801,645,788,145,213,242,197,357,571,561
1,658,727,277,292,553,758,658,485,645,65,598,801
0,778,235,785,149,658,303,324,6,3,645,461,788
0,721,494,6,324,392,485,497,478,579,149,385,227
1,730,655,724,630,445,306,797,778,184,748,65,472
0,91,637,392,530,145,534,380,658,786,645,485,784
1,545,279,260,786,784,798,474,227,428,785,490,806
1,461,130,392,784,645,793,787,485,381,798,462,645
0,378,594,242,208,591,771,645,658,497,485,745,145
1,65,701,786,645,598,748,254,235,392,658,376,612
1,213,242,197,357,571,561,598,494,479,36,461,475
0,184,6,784,798,479,462,479,806,227,3,718,461
1,474,65,212,647,381,796,308,806,113,227,797,798
1,222,385,226,184,154,754,359,286,758,423,469,563
0,472,113,758,80,227,385,626,279,658,719,646,500
1,122,275,106,423,0,0,392,558,385,232,0,0
1,3,798,786,381,658,145,6,788,645,798,642,801
1,658,727,277,292,553,758,428,658,472,94,785,212
0,598,160,671,330,478,136,65,445,637,774,786,773
0,149,350,15,151,571,770,485,787,488,277,639,695
1,213,242,197,357,571,561,764,452,385,330,308,105
1,748,465,445,303,277,786,229,212,472,71,324,785
0,36,594,472,113,145,660,801,65,641,445,658,645
1,214,423,797,461,645,485,785,701,658,3,445,797
1,248,472,350,806,15,598,472,807,479,485,36,475
0,503,497,555,563,612,628,222,385,226,184,154,754
0,641,462,658,303,472,151,530,788,113,6,645,497
1,6,151,245,381,310,212,130,806,497,798,801,113
1,34,310,805,786,645,113,303,641,787,645,485,479
1,297,678,475,286,196,79,279,658,184,186,260,516
1,169,36,149,721,212,518,6,658,598,645,785,784
0,212,359,392,149,658,530,475,479,645,786,798,801
0,460,385,121,392,553,144,785,645,530,6,248,701
0,612,208,609,598,335,528,89,748,479,306,151,637
1,171,530,127,641,784,468,151,445,787,801,105,488
1,785,645,530,6,248,701,785,701,658,3,445,797
0,423,797,36,485,308,641,798,385,785,73,645,381
1,303,337,478,620,169,78,229,3,38,797,788,645
1,645,212,465,748,196,658,658,784,719,472,462,497
0,302,260,596,707,472,9,212,89,214,778,49,479
0,658,25,214,598,788,485,392,658,642,801,445,3
1,65,105,799,701,787,801,658,65,479,645,798,787
0,465,645,494,461,485,785,89,787,485,701,798,598
0,480,801,488,609,184,323,450,658,642,3,637,205
1,15,645,786,485,248,647,774,806,637,36,130,645
1,15,324,197,3,145,534,465,113,227,748,36,485
1,428,648,233,660,772,400,563,680,94,354,623,711
1,785,645,646,801,701,308,212,715,230,537,186,184
0,36,546,18,94,746,151,222,385,226,184,154,754
1,748,89,787,485,701,798,472,423,485,658,465,145
1,28,38,478,485,272,130,544,308,787,591,145,151
1,378,609,205,214,786,701,205,752,214,596,127,637
0,6,530,20,192,197,788,637,392,721,555,727,65
1,658,727,277,292,553,758,292,302,184,713,758,462
1,248,748,385,658,645,308,658,101,625,308,149,796
1,494,130,786,785,645,798,302,113,36,227,149,462
1,485,787,797,579,380,450,428,494,645,479,598,658
1,666,709,772,604,354,464,214,545,248,485,685,796
0,785,701,658,3,445,797,212,786,145,380,113,798
0,465,645,494,461,485,785,748,89,787,485,701,798
0,227,428,579,113,472,748,308,645,658,801,785,701
0,323,324,3,488,485,784,494,130,786,785,645,798
1,645,701,658,786,473,6,658,801,127,530,806,497
1,26,497,80,479,134,641,379,721,260,695,279,454
0,461,745,344,3,38,647,787,494,227,113,645,130
0,286,6,479,227,645,801,213,242,197,357,571,561
1,6,658,785,445,598,472,658,645,6,479,598,36
0,3,645,80,485,778,113,806,648,428,645,788,598
1,260,279,490,598,641,785,637,719,445,701,787,797
0,248,445,282,797,752,778,635,807,227,748,282,479
0,6,786,445,788,385,645,806,479,381,645,385,465
0,130,254,227,135,494,423,494,658,445,797,303,787
0,142,462,645,785,748,798,303,337,478,620,169,78
1,260,494,738,778,798,68,468,143,185,131,655,376
0,646,212,785,658,465,748,658,490,279,598,260,641
0,465,113,227,748,36,485,645,701,658,786,473,6
1,214,423,797,461,645,485,248,385,445,465,641,658
0,701,475,785,797,645,229,308,658,801,798,445,645
0,212,89,730,646,232,641,113,308,497,648,468,385
0,689,687,53,598,706,786,260,324,286,282,302,373
0,707,381,598,461,472,658,76,797,748,254,784,530
1,472,212,785,701,485,748,65,701,786,645,598,748
0,645,786,130,798,485,490,303,337,478,620,169,78
1,530,248,645,788,748,465,279,260,598,658,641,184
0,260,190,212,248,373,743,286,497,787,113,718,494
0,801,642,130,646,530,485,65,658,807,254,428,196
1,658,279,260,598,145,806,786,286,65,530,91,642
0,286,635,752,306,645,181,130,787,485,149,445,34
0,473,645,788,385,462,127,359,350,282,778,385,145
1,132,392,279,251,794,260,319,671,221,591,376,18
0,91,786,485,36,472,497,143,87,805,645,145,113
0,342,645,806,801,598,428,286,308,479,598,658,645
0,248,373,392,658,254,466,65,645,801,786,461,641
1,450,658,642,3,637,205,248,6,497,530,494,801
0,132,392,279,251,794,260,319,671,221,591,376,18
1,494,785,645,798,801,130,6,445,571,25,398,381
1,719,647,485,251,490,645,785,645,530,6,248,701
1,637,787,641,658,113,308,598,151,701,65,748,786
0,445,428,145,184,36,598,308,658,801,798,445,645
1,579,461,143,685,437,706,25,18,232,706,482,726
0,342,780,801,488,105,719,473,785,701,801,248,637
0,6,798,786,530,248,788,306,36,641,423,787,658
1,143,145,195,472,334,227,80,437,282,561,376,475
1,65,645,801,786,461,641,445,479,279,260,641,787
1,251,303,801,105,488,342,798,248,145,472,787,385
0,648,720,488,806,563,778,105,806,488,480,437,778
1,279,260,801,230,342,752,6,474,641,598,642,788
1,678,485,460,642,373,9,235,778,184,445,6,798
0,646,785,308,801,701,645,594,645,479,184,105,212
1,658,645,6,479,598,36,38,646,208,793,144,639
0,645,423,530,450,428,646,380,113,195,472,748,151
1,130,214,53,34,217,743,279,658,260,490,598,641
1,711,778,635,94,248,727,359,778,571,630,806,477
0,801,645,658,485,381,428,658,465,479,645,392,130
1,806,648,428,645,788,598,785,645,646,801,701,308
1,89,807,658,36,472,143,472,658,738,598,303,113
0,65,645,801,786,461,641,555,806,94,289,76,701
0,254,373,350,65,214,376,297,678,475,286,196,79
0,308,461,381,598,798,658,212,462,472,784,788,244
0,184,286,660,461,625,448,400,787,645,748,485,380
0,462,786,65,445,497,145,658,490,279,598,260,641
0,242,645,132,748,302,227,65,645,801,786,461,641
1,645,38,248,801,490,794,235,798,806,472,65,801
0,392,385,248,472,658,230,212,127,469,743,768,213
1,721,494,6,324,392,485,462,752,497,479,801,15
1,748,485,130,472,786,787,6,485,647,641,598,801
0,785,641,260,598,465,279,485,785,701,598,494,380
1,279,785,706,379,230,743,642,788,232,437,3,510
1,645,423,530,450,428,646,65,248,530,641,479,801
1,286,308,479,598,658,645,6,658,445,598,748,145
0,6,641,598,645,786,647,721,494,6,324,392,485
0,445,658,785,598,485,497,373,254,392,9,196,306
0,3,272,286,798,787,479,645,38,248,801,490,794
0,785,641,260,598,465,279,485,801,645,785,701,308
1,788,579,197,652,127,208,479,36,461,89,754,445
0,233,127,645,658,385,545,303,786,801,36,707,685
0,36,113,242,151,57,124,655,470,260,38,245,244
0,385,798,658,6,641,786,721,494,6,324,392,485
1,151,678,475,786,65,282,76,38,768,475,303,6
0,701,786,598,494,248,479,243,130,196,145,801,184
1,807,530,248,497,801,260,637,788,385,248,36,596
1,428,494,89,113,468,718,3,646,36,430,151,91
1,645,38,248,801,490,794,6,485,658,787,788,798
1,91,805,15,685,34,807,646,485,645,212,788,798
1,745,680,248,65,787,645,445,248,637,748,598,468
0,3,797,645,145,801,658,645,38,248,801,490,794
0,445,787,797,658,793,485,658,497,385,784,308,798
1,485,801,645,785,701,308,302,748,113,797,472,286
0,56,529,215,183,305,25,496,126,394,552,123,63
1,646,303,718,385,497,245,462,641,788,798,719,645
0,260,279,658,785,645,641,432,720,212,785,641,784
1,658,497,385,784,308,798,748,462,658,6,472,637
1,3,479,645,801,113,462,658,286,494,801,784,145
1,306,145,195,233,143,73,130,430,227,701,472,18
1,88,449,597,0,0,0,522,566,532,0,0,0
0,646,785,701,423,212,213,445,385,788,461,428,796
1,65,479,645,658,786,801,465,113,227,748,36,485
1,645,423,530,450,428,646,127,462,658,645,801,381
0,279,260,658,485,663,479,94,235,356,428,778,474
0,798,721,645,720,719,646,248,727,635,342,630,89
0,381,472,797,36,658,798,171,530,127,641,784,468
1,279,598,785,701,658,260,286,645,310,485,720,658
0,598,479,786,89,645,6,244,242,195,579,334,471
1,450,243,598,127,630,73,646,303,718,385,497,245
0,585,517,88,0,0,0,710,566,58,0,0,0
0,797,373,227,65,798,663,462,65,787,105,647,242
0,303,648,350,642,689,640,465,485,214,65,454,646
0,654,251,357,27,335,33,255,151,183,177,31,251
0,80,242,286,785,28,184,260,279,638,695,465,89
0,232,709,6,135,373,748,497,6,598,658,788,462
0,730,724,738,475,721,635,472,389,6,143,260,248
0,65,778,658,472,637,149,645,423,530,450,428,646
0,286,474,719,645,637,490,286,497,787,113,718,494
1,494,398,617,748,227,36,461,462,637,472,71,448
1,658,635,380,212,310,36,445,788,721,797,785,359
1,151,534,561,282,771,773,149,801,423,428,145,445
0,479,485,748,645,798,428,248,658,494,598,788,645
1,798,743,127,801,637,445,248,579,36,660,497,748
1,308,36,485,645,787,798,701,787,798,445,485,65
1,467,196,101,589,112,542,658,229,807,142,6,94
0,472,485,787,145,598,260,794,658,719,146,445,798
0,196,36,350,212,473,149,485,748,645,145,428,465
0,105,488,801,711,214,233,530,474,308,642,785,701
0,15,461,279,6,796,330,494,398,617,748,227,36
0,227,445,184,279,797,6,798,65,6,785,472,748
0,752,718,785,428,465,797,801,149,479,310,494,232
1,151,534,561,282,771,773,212,785,242,645,637,286
1,462,15,778,534,598,227,260,279,395,91,230,748
1,303,645,798,658,801,784,279,707,454,658,260,706
0,748,392,797,472,807,380,445,479,279,260,641,787
0,719,641,784,637,385,787,248,579,36,660,497,748
1,645,787,428,373,658,637,6,658,3,113,205,20
0,302,113,748,598,472,195,462,641,788,798,719,645
0,212,424,184,806,797,701,494,398,617,748,227,36
1,143,1,6,701,658,232,214,788,227,445,497,461
1,801,342,719,787,145,105,475,445,645,385,788,145
0,718,801,798,758,473,479,302,113,645,788,797,472
0,785,632,645,647,385,479,806,648,428,645,788,598
1,151,645,721,381,801,212,308,598,658,787,479,530
0,752,718,785,428,465,797,801,149,479,310,494,232
0,65,479,645,658,786,801,801,437,805,303,488,342
0,645,460,462,788,798,658,376,472,700,310,748,113
1,6,537,227,785,645,727,445,248,113,468,462,658
1,796,482,658,797,748,645,303,479,485,645,787,798
1,376,248,635,530,637,479,36,534,55,279,248,701
1,806,648,428,645,788,598,286,310,645,485,720,658
0,797,445,462,145,308,786,303,479,485,645,787,798
0,254,91,212,707,380,445,497,36,598,385,798,65
1,212,465,445,658,579,788,645,423,530,450,428,646
1,143,1,6,701,658,232,212,798,637,472,145,687
1,6,637,479,609,392,555,485,645,598,428,788,798
0,609,645,497,385,145,468,786,645,130,113,720,303
1,303,645,798,658,801,784,38,149,65,376,675,135
0,796,314,15,620,149,462,151,534,561,282,771,773
1,279,658,701,798,260,785,428,658,768,485,788,787
1,646,658,788,645,381,385,494,798,788,591,212,113
0,3,658,113,485,472,587,785,479,308,598,645,424
1,428,342,645,385,788,145,279,658,598,260,785,641
1,806,648,428,645,788,598,748,428,445,797,497,658
1,658,748,445,798,65,113,738,205,752,768,214,558
1,801,437,805,303,488,342,625,743,530,130,784,642
1,428,445,596,212,376,478,719,306,248,745,797,530
1,642,9,796,786,778,214,392,149,376,658,356,462
0,113,143,210,468,36,151,598,630,788,6,94,553
1,752,718,785,428,465,797,801,149,479,310,494,232
0,472,637,798,381,785,658,745,680,248,65,787,645
1,645,701,801,646,785,308,205,196,184,472,637,6
1,65,479,645,658,786,801,3,130,135,113,65,149
0,6,797,645,641,701,642,798,721,645,720,719,646
1,445,385,788,461,428,796,594,645,479,184,105,212
0,94,205,530,772,248,658,646,658,788,645,381,385
0,485,801,645,785,701,308,279,230,141,3,641,695
0,376,248,635,530,637,479,303,645,798,658,801,784
0,719,701,785,598,385,721,764,6,494,3,324,645
1,645,423,530,450,428,646,279,260,385,445,807,454
1,233,303,645,658,646,545,15,637,596,632,768,205
1,303,478,169,620,337,78,645,786,130,798,485,113
0,142,121,145,65,91,59,113,36,145,65,59,149
1,279,658,701,798,260,785,787,485,497,658,788,778
1,107,598,641,452,445,38,648,73,417,461,91,490
1,658,719,801,798,721,645,806,648,428,645,788,598
0,462,641,788,798,719,645,658,719,801,798,721,645
1,445,479,279,260,641,787,6,718,658,646,15,445
0,94,3,442,302,113,680,646,658,788,645,381,385
0,494,785,701,472,36,465,212,798,445,645,635,385
1,385,786,248,645,494,598,184,445,727,462,497,784
0,245,571,485,788,197,645,151,248,641,57,113,227
1,594,645,479,184,105,212,279,260,598,658,801,641
0,801,596,645,641,748,3,450,530,797,130,303,555
0,235,127,625,797,778,445,645,130,801,701,785,646
1,645,598,385,36,310,584,752,34,445,248,788,151
0,663,18,145,642,641,645,785,26,807,76,479,145
0,214,785,472,806,149,788,212,798,445,645,635,385
0,778,279,230,260,798,801,308,479,645,658,801,784
0,6,798,786,530,248,788,637,598,145,130,719,596
1,645,423,530,450,428,646,279,260,658,646,641,598
0,646,785,645,788,428,658,303,478,169,620,337,78
1,285,308,788,658,242,645,145,598,248,308,485,646
1,248,392,645,785,380,530,292,530,658,385,145,719
1,598,801,645,302,637,479,743,598,428,806,145,445
1,135,136,134,196,197,460,658,6,715,671,786,630
0,398,534,750,787,768,485,303,645,798,658,801,784
0,450,530,445,797,591,658,212,445,788,472,462,132
0,645,798,646,303,658,787,788,149,3,637,801,645
0,806,36,472,385,647,248,637,784,748,752,65,472
0,113,227,302,36,748,195,645,598,658,485,428,145
0,632,786,127,752,637,713,279,230,490,494,461,260
0,362,212,121,663,784,718,279,658,701,798,260,785
0,49,785,485,635,142,689,235,65,646,465,485,645
0,645,793,308,637,798,788,304,616,248,385,485,227
0,658,785,641,485,807,798,308,479,598,645,748,787
1,212,445,748,797,785,494,212,798,445,645,635,385
1,646,658,788,645,381,385,65,145,472,658,485,801
0,323,785,479,385,801,658,213,385,286,380,91,637
0,184,485,645,248,380,598,740,579,488,801,784,303
0,233,303,645,658,646,545,6,797,645,641,701,642
0,254,645,748,113,302,646,617,637,212,752,348,738
0,279,260,145,645,598,230,279,598,763,658,184,260
1,598,630,788,6,94,553,308,798,658,785,645,485
1,785,632,645,647,385,479,214,786,494,798,485,479
1,645,423,530,450,428,646,488,480,143,324,3,786
1,473,794,797,788,793,6,15,637,596,632,768,205
0,798,658,445,214,637,468,385,786,248,645,494,598
0,721,494,6,324,392,485,76,797,748,254,784,530
0,6,445,145,798,801,490,6,479,598,530,786,701
0,445,468,65,385,244,245,212,798,445,645,635,385
1,785,632,645,647,385,479,719,645,658,637,798,788
0,376,445,700,226,465,94,196,36,350,212,473,149
1,475,145,385,645,646,788,798,65,786,645,797,748
0,303,34,479,91,145,754,241,626,652,609,212,701
1,625,642,485,127,641,787,641,6,248,286,530,80
0,428,641,807,245,800,197,334,807,797,31,151,350
0,212,715,230,537,186,184,127,105,642,801,594,641
0,785,801,645,362,701,788,212,798,445,645,635,385
1,645,423,530,450,428,646,658,214,646,801,645,462
0,151,534,561,282,771,773,385,785,15,135,450,38
1,500,260,466,724,143,448,65,658,113,130,212,6
0,594,748,465,36,302,797,15,479,462,645,798,786
0,65,641,798,645,658,801,381,485,645,787,798,801
0,784,806,798,658,282,701,428,785,748,645,646,494
1,308,461,381,598,798,658,786,308,596,36,800,385
0,248,787,373,645,243,748,646,658,788,645,381,385
0,801,658,445,145,308,798,6,801,786,798,658,645
1,279,260,748,479,658,230,645,212,485,641,465,658
1,15,807,142,663,784,9,359,284,468,94,617,105
0,658,798,637,645,719,801,279,598,145,376,260,784
0,385,785,15,135,450,38,596,472,3,658,445,785
0,445,212,785,796,479,641,646,797,485,472,785,798
1,445,385,788,461,428,796,302,385,195,113,713,146
0,245,3,637,36,227,242,26,134,128,715,740,724
1,797,788,465,445,130,806,212,798,445,645,635,385
1,151,534,561,282,771,773,279,260,272,706,598,695
1,445,485,212,248,788,145,160,130,645,380,787,485
0,594,748,465,36,302,797,646,658,788,645,381,385
0,135,6,497,131,658,143,494,398,617,748,227,36
1,279,260,748,479,658,230,6,497,342,445,385,785
1,381,485,645,787,798,801,245,639,145,591,646,579
0,743,445,497,798,127,646,260,798,279,801,230,641
1,212,479,485,786,785,130,264,475,184,797,637,748
0,798,787,80,641,485,530,598,380,485,472,658,801
1,6,235,497,658,530,149,756,685,707,671,282,743
0,474,801,641,485,785,475,212,184,497,637,807,197
0,65,658,113,130,212,6,778,480,774,428,385,573
0,65,445,730,778,598,727,658,485,18,497,645,801
0,475,248,254,579,392,160,658,472,637,530,701,788
0,479,598,701,485,785,645,658,385,642,637,428,445
0,663,645,428,658,801,787,130,303,530,625,701,785
0,494,385,303,227,113,472,212,798,445,645,635,385
0,357,537,706,208,615,110,472,778,335,241,350,445
1,135,36,149,143,80,9,130,798,113,381,479,637
0,302,637,395,786,646,645,212,798,445,645,635,385
1,660,184,254,385,785,145,637,479,748,212,798,113
0,356,472,376,381,130,637,9,145,144,146,76,130
1,303,720,785,786,342,798,113,748,472,485,641,302
0,242,474,486,143,18,217,212,479,485,786,785,130
1,784,598,38,637,472,719,793,646,658,719,800,645
0,472,485,787,145,598,260,798,598,658,637,772,356
0,786,748,701,494,113,497,598,445,801,784,310,748
1,205,145,646,475,798,6,785,718,497,701,385,248
0,6,149,145,65,113,462,392,125,720,330,797,334
1,666,213,143,15,214,149,76,230,646,428,279,212
0,303,658,479,445,798,143,49,635,442,785,625,752
1,646,658,788,645,381,385,701,45,473,801,381,785
1,38,248,645,637,245,798,38,646,91,473,303,130
0,6,788,534,645,778,579,646,598,658,142,113,479
1,785,478,658,598,6,113,591,786,485,212,472,113
1,658,385,642,637,428,445,785,701,658,719,798,645
1,212,798,445,645,635,385,701,130,658,798,784,91
1,787,738,105,801,531,437,248,462,472,530,579,479
1,787,801,251,130,530,800,625,778,530,38,308,646
1,130,641,660,796,647,468,352,18,143,335,132,573
1,625,778,530,38,308,646,596,612,149,721,461,497
0,479,645,428,494,149,635,385,248,530,720,494,784
1,768,3,112,169,807,658,701,788,685,205,445,229
1,671,645,787,638,9,555,689,169,141,652,472,645
1,658,151,598,308,479,462,214,424,91,573,733,90
0,787,553,720,130,145,235,494,700,221,373,407,9
1,149,612,381,784,715,635,352,143,18,335,573,132
1,169,635,194,771,445,720,424,555,89,719,598,479
0,598,658,645,748,637,212,398,385,428,788,149,801
0,130,145,647,497,485,707,787,738,105,801,531,437
1,785,279,752,362,145,3,658,472,637,530,701,788
1,6,801,786,798,658,645,105,480,208,488,248,65
1,687,248,9,510,282,598,625,778,530,38,308,646
0,6,645,785,598,647,720,740,579,488,801,784,303
1,169,635,194,771,445,720,472,645,214,646,748,113
0,53,788,475,472,555,646,303,720,785,786,342,798
0,113,625,308,36,645,785,212,798,445,645,635,385
1,131,675,655,389,462,15,392,724,658,807,445,454
1,494,465,462,797,184,15,593,485,212,645,785,149
0,139,778,212,494,292,36,130,302,589,59,365,143
0,308,658,787,485,641,445,171,130,91,479,658,594
1,385,6,658,591,645,479,646,38,221,91,380,748
0,324,178,494,555,806,3,65,485,787,786,248,647
1,494,398,617,748,227,36,385,490,3,701,479,373
0,494,555,586,547,324,537,6,9,3,65,143,112
1,460,28,485,787,788,473,145,625,36,445,65,494
