1,0.645,0.248,0.53,0.445,0.423,0.227,0.126,0.706,0.625,0.645,0.647,0.719
0,0.227,0.091,0.196,0.663,0.787,0.334,0.237,0.284,0.359,0.105,0.178,0.083
1,0.658,0.807,0.637,0.445,0.797,0.302,0.752,0.806,0.113,0.798,0.091,0.785
0,0.72,0.226,0.785,0.212,0.445,0.645,0.641,0.244,0.801,0.381,0.423,0.807
0,0.786,0.445,0.479,0.303,0.465,0.646,0.758,0.596,0.646,0.658,0.786,0.645
1,0.127,0.13,0.53,0.645,0.801,0.658,0.481,0.303,0.658,0.72,0.64,0.208
1,0.445,0.485,0.212,0.248,0.788,0.145,0.637,0.785,0.145,0.598,0.658,0.719
1,0.485,0.645,0.303,0.786,0.145,0.787,0.094,0.445,0.143,0.006,0.26,0.213
0,0.409,0.244,0.805,0.788,0.641,0.254,0.497,0.248,0.645,0.479,0.798,0.145
1,0.006,0.45,0.53,0.647,0.485,0.149,0.658,0.801,0.798,0.645,0.065,0.748
1,0.485,0.787,0.134,0.303,0.641,0.462,0.181,0.488,0.805,0.184,0.645,0.801
0,0.452,0.448,0.778,0.687,0.706,0.091,0.719,0.658,0.462,0.788,0.785,0.806
1,0.497,0.625,0.778,0.127,0.213,0.784,0.445,0.485,0.212,0.248,0.788,0.145
1,0.245,0.006,0.248,0.445,0.094,0.632,0.481,0.303,0.658,0.72,0.64,0.208
1,0.245,0.006,0.248,0.445,0.094,0.632,0.748,0.785,0.645,0.113,0.448,0.308
1,0.785,0.015,0.701,0.038,0.445,0.479,0.645,0.658,0.065,0.494,0.801,0.797
1,0.658,0.807,0.637,0.445,0.797,0.302,0.579,0.748,0.036,0.53,0.145,0.113
0,0.497,0.006,0.701,0.479,0.598,0.494,0.445,0.485,0.212,0.248,0.788,0.145
1,0.11,0.497,0.205,0.089,0.21,0.428,0.445,0.641,0.658,0.748,0.212,0.006
1,0.157,0.43,0.068,0.777,0.798,0.727,0.26,0.279,0.49,0.598,0.641,0.658
0,0.302,0.036,0.645,0.13,0.801,0.053,0.006,0.45,0.53,0.647,0.485,0.149
0,0.303,0.485,0.641,0.658,0.645,0.784,0.131,0.472,0.445,0.038,0.006,0.217
0,0.237,0.119,0.284,0.359,0.105,0.178,0.466,0.423,0.45,0.475,0.485,0.398
1,0.801,0.479,0.645,0.719,0.497,0.72,0.205,0.715,0.658,0.141,0.186,0.26
1,0.571,0.797,0.113,0.719,0.479,0.806,0.485,0.303,0.465,0.658,0.645,0.036
0,0.658,0.303,0.701,0.785,0.494,0.091,0.497,0.248,0.645,0.479,0.798,0.145
0,0.149,0.428,0.647,0.798,0.785,0.697,0.645,0.798,0.701,0.785,0.282,0.385
0,0.142,0.645,0.13,0.385,0.494,0.785,0.006,0.658,0.637,0.598,0.641,0.461
0,0.475,0.036,0.149,0.598,0.091,0.609,0.445,0.485,0.212,0.248,0.788,0.145
0,0.745,0.143,0.785,0.169,0.282,0.76,0.237,0.119,0.284,0.359,0.105,0.178
1,0.235,0.461,0.0,0.0,0.0,0.0,0.445,0.461,0.646,0.806,0.785,0.787
0,0.479,0.642,0.785,0.145,0.618,0.604,0.245,0.006,0.248,0.445,0.094,0.632
0,0.213,0.625,0.145,0.13,0.53,0.645,0.645,0.646,0.788,0.485,0.212,0.658
1,0.472,0.036,0.428,0.038,0.028,0.227,0.248,0.53,0.205,0.036,0.242,0.448
0,0.132,0.248,0.245,0.303,0.146,0.635,0.646,0.797,0.003,0.788,0.645,0.637
0,0.497,0.748,0.645,0.308,0.786,0.145,0.015,0.645,0.244,0.786,0.462,0.784
0,0.786,0.445,0.479,0.303,0.465,0.646,0.428,0.227,0.036,0.53,0.748,0.248
1,0.237,0.119,0.284,0.359,0.121,0.105,0.376,0.006,0.445,0.658,0.036,0.235
0,0.181,0.645,0.801,0.13,0.497,0.494,0.785,0.701,0.645,0.806,0.149,0.212
1,0.145,0.801,0.645,0.212,0.806,0.647,0.105,0.065,0.801,0.787,0.798,0.036
0,0.373,0.709,0.282,0.801,0.609,0.233,0.237,0.119,0.284,0.359,0.121,0.105
0,0.798,0.003,0.787,0.658,0.398,0.748,0.645,0.248,0.53,0.445,0.423,0.227
1,0.025,0.785,0.106,0.227,0.113,0.646,0.248,0.006,0.497,0.53,0.494,0.801
1,0.248,0.308,0.465,0.485,0.645,0.785,0.658,0.485,0.748,0.472,0.428,0.785
0,0.006,0.248,0.494,0.788,0.801,0.53,0.497,0.248,0.645,0.479,0.798,0.145
1,0.646,0.797,0.003,0.788,0.645,0.637,0.006,0.798,0.787,0.479,0.658,0.645
0,0.798,0.641,0.645,0.494,0.719,0.534,0.428,0.658,0.494,0.645,0.598,0.788
0,0.494,0.003,0.786,0.145,0.113,0.701,0.752,0.691,0.787,0.645,0.462,0.127
0,0.645,0.13,0.778,0.797,0.485,0.748,0.645,0.303,0.72,0.788,0.145,0.598
1,0.645,0.303,0.72,0.788,0.145,0.598,0.279,0.26,0.658,0.641,0.145,0.798
1,0.594,0.591,0.242,0.645,0.579,0.036,0.623,0.807,0.48,0.787,0.687,0.219
0,0.645,0.308,0.801,0.248,0.145,0.784,0.151,0.773,0.648,0.344,0.065,0.494
1,0.376,0.598,0.658,0.303,0.479,0.641,0.132,0.474,0.113,0.787,0.701,0.445
1,0.497,0.248,0.645,0.479,0.798,0.145,0.036,0.647,0.212,0.645,0.381,0.807
0,0.701,0.113,0.212,0.786,0.646,0.472,0.719,0.788,0.797,0.645,0.637,0.798
1,0.465,0.801,0.385,0.788,0.784,0.248,0.637,0.788,0.145,0.53,0.72,0.428
0,0.707,0.395,0.479,0.715,0.251,0.637,0.571,0.094,0.786,0.485,0.472,0.006
1,0.232,0.059,0.196,0.169,0.448,0.648,0.282,0.485,0.645,0.479,0.787,0.461
1,0.303,0.479,0.787,0.461,0.385,0.645,0.53,0.658,0.642,0.801,0.798,0.006
1,0.385,0.292,0.302,0.373,0.308,0.381,0.786,0.308,0.752,0.658,0.641,0.645
0,0.594,0.591,0.242,0.645,0.579,0.036,0.658,0.428,0.785,0.797,0.645,0.036
1,0.251,0.151,0.56,0.555,0.464,0.26,0.212,0.768,0.381,0.145,0.113,0.53
1,0.151,0.773,0.648,0.344,0.065,0.494,0.08,0.641,0.036,0.461,0.462,0.591
1,0.709,0.003,0.46,0.479,0.286,0.598,0.784,0.132,0.376,0.658,0.006,0.645
1,0.127,0.13,0.53,0.645,0.801,0.658,0.303,0.658,0.113,0.701,0.461,0.324
1,0.006,0.248,0.625,0.376,0.461,0.752,0.641,0.308,0.395,0.645,0.381,0.598
1,0.212,0.248,0.479,0.485,0.645,0.787,0.003,0.797,0.645,0.598,0.485,0.479
1,0.398,0.53,0.479,0.346,0.036,0.006,0.53,0.798,0.642,0.748,0.658,0.392
0,0.72,0.801,0.485,0.145,0.798,0.445,0.089,0.145,0.798,0.132,0.385,0.642
0,0.302,0.748,0.113,0.184,0.701,0.196,0.237,0.119,0.284,0.359,0.121,0.105
1,0.196,0.248,0.798,0.658,0.788,0.645,0.494,0.003,0.786,0.145,0.113,0.701
1,0.748,0.797,0.658,0.445,0.787,0.641,0.494,0.798,0.645,0.801,0.658,0.303
0,0.205,0.264,0.184,0.606,0.637,0.068,0.282,0.531,0.311,0.33,0.666,0.428
0,0.642,0.658,0.445,0.465,0.303,0.094,0.758,0.596,0.646,0.658,0.786,0.645
0,0.743,0.798,0.428,0.13,0.494,0.53,0.385,0.292,0.302,0.373,0.308,0.381
0,0.658,0.645,0.303,0.465,0.788,0.637,0.006,0.45,0.53,0.647,0.485,0.149
1,0.006,0.72,0.254,0.658,0.127,0.082,0.237,0.119,0.284,0.359,0.121,0.105
1,0.006,0.45,0.53,0.647,0.485,0.149,0.485,0.787,0.134,0.303,0.641,0.462
0,0.641,0.308,0.395,0.645,0.465,0.381,0.151,0.773,0.648,0.344,0.065,0.494
1,0.596,0.786,0.72,0.806,0.018,0.646,0.279,0.658,0.701,0.785,0.23,0.598
0,0.479,0.642,0.785,0.145,0.618,0.604,0.006,0.121,0.473,0.743,0.642,0.625
1,0.089,0.003,0.748,0.758,0.452,0.545,0.488,0.145,0.534,0.089,0.645,0.245
0,0.303,0.445,0.485,0.641,0.658,0.787,0.785,0.646,0.645,0.497,0.13,0.485
0,0.113,0.306,0.641,0.196,0.553,0.13,0.151,0.773,0.648,0.344,0.065,0.494
0,0.398,0.485,0.785,0.212,0.445,0.474,0.142,0.423,0.036,0.227,0.089,0.485
1,0.748,0.797,0.658,0.445,0.787,0.641,0.279,0.26,0.598,0.658,0.641,0.184
0,0.579,0.142,0.094,0.473,0.342,0.646,0.237,0.119,0.284,0.359,0.121,0.105
1,0.798,0.645,0.658,0.462,0.428,0.788,0.302,0.113,0.242,0.036,0.488,0.598
0,0.248,0.778,0.53,0.145,0.788,0.497,0.445,0.485,0.212,0.248,0.788,0.145
0,0.784,0.798,0.381,0.645,0.485,0.748,0.006,0.472,0.788,0.248,0.53,0.38
0,0.701,0.641,0.485,0.72,0.53,0.38,0.658,0.645,0.801,0.798,0.494,0.479
1,0.076,0.065,0.145,0.006,0.036,0.13,0.385,0.645,0.658,0.308,0.598,0.646
0,0.637,0.788,0.145,0.53,0.72,0.428,0.248,0.445,0.53,0.494,0.748,0.465
0,0.482,0.306,0.609,0.395,0.169,0.448,0.065,0.006,0.462,0.145,0.474,0.139
1,0.006,0.45,0.53,0.647,0.485,0.149,0.248,0.462,0.479,0.113,0.497,0.127
0,0.237,0.119,0.284,0.359,0.121,0.105,0.598,0.107,0.748,0.658,0.53,0.065
1,0.076,0.065,0.145,0.006,0.036,0.13,0.48,0.214,0.801,0.752,0.805,0.488
0,0.248,0.788,0.645,0.646,0.806,0.462,0.26,0.279,0.785,0.23,0.701,0.784
0,0.494,0.303,0.798,0.645,0.658,0.801,0.105,0.488,0.303,0.48,0.342,0.801
0,0.015,0.445,0.646,0.797,0.778,0.658,0.53,0.479,0.248,0.445,0.226,0.598
0,0.748,0.797,0.658,0.445,0.787,0.641,0.145,0.485,0.645,0.647,0.787,0.006
1,0.625,0.065,0.598,0.641,0.743,0.26,0.212,0.149,0.658,0.485,0.787,0.778
0,0.157,0.006,0.282,0.13,0.748,0.658,0.076,0.065,0.145,0.006,0.036,0.13
0,0.006,0.658,0.701,0.785,0.212,0.065,0.113,0.788,0.127,0.798,0.807,0.145
1,0.237,0.119,0.284,0.359,0.121,0.105,0.227,0.036,0.094,0.635,0.475,0.75
0,0.786,0.645,0.801,0.149,0.497,0.719,0.494,0.658,0.645,0.006,0.145,0.212
0,0.794,0.658,0.006,0.801,0.642,0.472,0.497,0.199,0.648,0.485,0.145,0.303
1,0.006,0.45,0.53,0.647,0.485,0.149,0.018,0.184,0.727,0.465,0.658,0.232
1,0.362,0.798,0.645,0.089,0.788,0.801,0.006,0.248,0.497,0.798,0.036,0.641
0,0.065,0.786,0.462,0.641,0.645,0.797,0.248,0.038,0.534,0.801,0.645,0.658
1,0.055,0.279,0.721,0.445,0.801,0.145,0.798,0.479,0.485,0.645,0.786,0.658
1,0.784,0.127,0.743,0.806,0.497,0.53,0.497,0.461,0.213,0.685,0.635,0.038
0,0.645,0.801,0.127,0.485,0.479,0.658,0.279,0.006,0.785,0.53,0.701,0.598
1,0.445,0.785,0.646,0.479,0.212,0.134,0.658,0.497,0.719,0.494,0.115,0.213
1,0.006,0.45,0.53,0.647,0.485,0.149,0.373,0.264,0.282,0.53,0.248,0.786
1,0.302,0.292,0.113,0.748,0.373,0.713,0.082,0.373,0.065,0.53,0.13,0.497
1,0.237,0.119,0.284,0.359,0.121,0.105,0.53,0.26,0.598,0.478,0.785,0.5
0,0.018,0.184,0.727,0.465,0.658,0.232,0.639,0.647,0.64,0.784,0.56,0.475
0,0.279,0.23,0.342,0.801,0.752,0.26,0.788,0.214,0.807,0.385,0.645,0.784
0,0.308,0.598,0.485,0.645,0.788,0.748,0.784,0.641,0.479,0.646,0.598,0.423
1,0.302,0.036,0.785,0.658,0.701,0.798,0.477,0.306,0.652,0.635,0.089,0.08
1,0.701,0.113,0.598,0.428,0.658,0.494,0.237,0.119,0.284,0.359,0.121,0.105
1,0.637,0.752,0.205,0.015,0.212,0.738,0.006,0.798,0.787,0.479,0.658,0.645
0,0.701,0.784,0.801,0.645,0.13,0.785,0.46,0.131,0.485,0.646,0.121,0.645
1,0.462,0.127,0.645,0.801,0.286,0.658,0.344,0.212,0.727,0.748,0.354,0.697
0,0.184,0.785,0.485,0.006,0.472,0.798,0.494,0.385,0.8,0.72,0.065,0.786
0,0.428,0.242,0.145,0.637,0.788,0.617,0.592,0.198,0.54,0.546,0.597,0.605
0,0.006,0.645,0.461,0.801,0.641,0.134,0.006,0.45,0.53,0.647,0.485,0.149
1,0.145,0.485,0.645,0.647,0.787,0.006,0.308,0.145,0.465,0.485,0.645,0.658
0,0.494,0.385,0.8,0.72,0.065,0.786,0.006,0.45,0.53,0.647,0.485,0.149
0,0.785,0.701,0.212,0.658,0.381,0.645,0.784,0.145,0.801,0.248,0.658,0.645
0,0.065,0.16,0.248,0.663,0.373,0.652,0.237,0.284,0.359,0.105,0.119,0.385
0,0.213,0.242,0.197,0.357,0.571,0.561,0.303,0.445,0.485,0.641,0.658,0.787
1,0.024,0.059,0.184,0.482,0.065,0.142,0.13,0.598,0.472,0.748,0.497,0.798
0,0.461,0.775,0.334,0.485,0.612,0.801,0.709,0.003,0.46,0.479,0.286,0.598
0,0.428,0.462,0.72,0.445,0.641,0.801,0.462,0.127,0.645,0.801,0.286,0.658
1,0.778,0.036,0.468,0.184,0.743,0.764,0.143,0.233,0.428,0.132,0.113,0.277
1,0.308,0.472,0.133,0.006,0.346,0.778,0.078,0.107,0.377,0.171,0.581,0.606
0,0.798,0.758,0.534,0.381,0.73,0.306,0.646,0.645,0.485,0.788,0.212,0.798
0,0.598,0.748,0.645,0.658,0.149,0.151,0.006,0.45,0.53,0.647,0.485,0.149
0,0.798,0.719,0.641,0.748,0.553,0.472,0.701,0.785,0.718,0.248,0.497,0.385
1,0.494,0.385,0.8,0.72,0.065,0.786,0.786,0.227,0.113,0.006,0.788,0.787
0,0.785,0.279,0.026,0.212,0.658,0.068,0.642,0.748,0.38,0.248,0.53,0.797
1,0.462,0.127,0.645,0.801,0.286,0.658,0.801,0.658,0.637,0.145,0.227,0.645
1,0.488,0.323,0.801,0.72,0.226,0.132,0.308,0.786,0.094,0.645,0.465,0.801
1,0.63,0.801,0.38,0.195,0.485,0.113,0.282,0.146,0.797,0.53,0.184,0.251
0,0.279,0.26,0.598,0.658,0.641,0.184,0.184,0.461,0.785,0.701,0.801,0.784
0,0.145,0.089,0.625,0.282,0.477,0.149,0.381,0.445,0.479,0.72,0.801,0.645
1,0.006,0.45,0.53,0.647,0.485,0.149,0.006,0.497,0.248,0.642,0.479,0.061
0,0.373,0.006,0.31,0.359,0.306,0.658,0.752,0.658,0.094,0.637,0.065,0.635
0,0.304,0.212,0.472,0.778,0.282,0.468,0.065,0.798,0.786,0.797,0.248,0.479
0,0.324,0.003,0.645,0.637,0.026,0.785,0.479,0.445,0.797,0.308,0.248,0.786
1,0.248,0.53,0.113,0.227,0.579,0.132,0.142,0.13,0.006,0.123,0.149,0.144
1,0.785,0.212,0.645,0.801,0.286,0.658,0.248,0.485,0.373,0.647,0.719,0.465
0,0.625,0.752,0.598,0.645,0.38,0.778,0.385,0.292,0.302,0.373,0.308,0.381
0,0.775,0.76,0.132,0.233,0.085,0.018,0.006,0.45,0.53,0.647,0.485,0.149
1,0.799,0.045,0.036,0.658,0.464,0.797,0.798,0.658,0.646,0.381,0.787,0.485
1,0.178,0.687,0.596,0.497,0.145,0.754,0.094,0.006,0.036,0.242,0.604,0.658
1,0.497,0.248,0.645,0.479,0.798,0.145,0.003,0.797,0.485,0.13,0.788,0.642
0,0.354,0.467,0.733,0.065,0.748,0.56,0.006,0.45,0.53,0.647,0.485,0.149
1,0.26,0.279,0.658,0.598,0.641,0.53,0.13,0.494,0.591,0.645,0.479,0.212
1,0.308,0.472,0.133,0.006,0.346,0.778,0.598,0.145,0.658,0.381,0.279,0.26
0,0.038,0.801,0.784,0.645,0.065,0.658,0.169,0.08,0.53,0.7,0.212,0.0
0,0.302,0.113,0.227,0.748,0.036,0.464,0.227,0.748,0.45,0.801,0.49,0.787
1,0.758,0.465,0.248,0.381,0.719,0.195,0.091,0.472,0.637,0.015,0.685,0.213
0,0.658,0.13,0.724,0.381,0.462,0.545,0.785,0.212,0.645,0.801,0.286,0.658
0,0.475,0.646,0.801,0.788,0.113,0.474,0.279,0.26,0.598,0.658,0.801,0.641
0,0.639,0.642,0.479,0.036,0.212,0.748,0.787,0.801,0.748,0.635,0.645,0.66
0,0.149,0.598,0.778,0.645,0.006,0.658,0.494,0.385,0.8,0.72,0.065,0.786
0,0.127,0.462,0.658,0.645,0.801,0.381,0.302,0.073,0.645,0.534,0.663,0.385
0,0.237,0.284,0.359,0.105,0.119,0.126,0.233,0.806,0.53,0.248,0.127,0.796
0,0.13,0.801,0.658,0.645,0.701,0.788,0.445,0.006,0.479,0.801,0.787,0.798
0,0.318,0.53,0.658,0.645,0.059,0.003,0.149,0.598,0.778,0.645,0.006,0.658
1,0.786,0.785,0.31,0.645,0.801,0.784,0.645,0.658,0.485,0.381,0.798,0.145
1,0.794,0.645,0.797,0.003,0.786,0.186,0.279,0.26,0.787,0.798,0.748,0.797
1,0.13,0.073,0.395,0.195,0.279,0.658,0.237,0.284,0.359,0.105,0.119,0.626
0,0.065,0.242,0.646,0.462,0.286,0.63,0.7,0.638,0.788,0.479,0.248,0.598
1,0.475,0.646,0.801,0.788,0.113,0.474,0.308,0.248,0.485,0.785,0.465,0.645
0,0.445,0.065,0.786,0.462,0.658,0.465,0.213,0.242,0.197,0.357,0.571,0.561
0,0.784,0.598,0.038,0.786,0.472,0.308,0.488,0.323,0.801,0.72,0.226,0.132
0,0.006,0.497,0.248,0.472,0.53,0.784,0.318,0.53,0.658,0.645,0.059,0.003
0,0.53,0.701,0.785,0.308,0.474,0.642,0.113,0.306,0.641,0.196,0.553,0.13
0,0.13,0.226,0.373,0.561,0.715,0.472,0.151,0.678,0.561,0.121,0.376,0.344
0,0.237,0.284,0.359,0.105,0.119,0.626,0.227,0.806,0.184,0.658,0.015,0.784
1,0.801,0.645,0.658,0.485,0.381,0.428,0.254,0.468,0.473,0.727,0.448,0.073
0,0.145,0.485,0.719,0.359,0.445,0.376,0.77,0.786,0.248,0.113,0.658,0.227
1,0.445,0.065,0.786,0.462,0.658,0.465,0.645,0.801,0.308,0.785,0.485,0.646
1,0.727,0.801,0.787,0.145,0.08,0.006,0.539,0.149,0.094,0.143,0.006,0.227
1,0.445,0.462,0.465,0.635,0.748,0.784,0.648,0.295,0.277,0.658,0.73,0.006
1,0.7,0.638,0.788,0.479,0.248,0.598,0.089,0.145,0.537,0.798,0.485,0.132
1,0.437,0.531,0.579,0.184,0.534,0.609,0.474,0.801,0.468,0.13,0.113,0.006
1,0.485,0.787,0.036,0.303,0.641,0.479,0.303,0.658,0.479,0.641,0.53,0.598
1,0.658,0.719,0.646,0.797,0.465,0.645,0.658,0.279,0.26,0.598,0.641,0.184
1,0.229,0.461,0.248,0.472,0.53,0.389,0.475,0.534,0.448,0.094,0.302,0.609
0,0.324,0.534,0.226,0.637,0.076,0.547,0.528,0.411,0.556,0.775,0.0,0.0
0,0.5,0.785,0.254,0.66,0.009,0.797,0.445,0.065,0.786,0.462,0.658,0.465
1,0.237,0.284,0.359,0.105,0.119,0.626,0.472,0.197,0.435,0.748,0.335,0.793
0,0.006,0.026,0.196,0.028,0.094,0.091,0.065,0.678,0.08,0.561,0.494,0.196
1,0.658,0.645,0.785,0.308,0.801,0.184,0.454,0.801,0.785,0.645,0.479,0.13
1,0.497,0.006,0.801,0.398,0.786,0.545,0.482,0.13,0.497,0.801,0.778,0.719
0,0.787,0.647,0.635,0.385,0.323,0.036,0.248,0.806,0.784,0.537,0.385,0.145
1,0.475,0.479,0.645,0.786,0.798,0.801,0.658,0.598,0.445,0.303,0.151,0.641
0,0.598,0.645,0.13,0.53,0.785,0.244,0.308,0.038,0.645,0.385,0.806,0.785
0,0.094,0.006,0.149,0.248,0.376,0.658,0.006,0.376,0.461,0.248,0.625,0.521
1,0.381,0.465,0.08,0.445,0.212,0.485,0.719,0.632,0.248,0.508,0.08,0.465
1,0.526,0.53,0.214,0.641,0.062,0.463,0.241,0.114,0.671,0.222,0.297,0.416
1,0.213,0.242,0.197,0.357,0.571,0.561,0.598,0.248,0.036,0.701,0.748,0.479
1,0.423,0.719,0.465,0.801,0.641,0.66,0.797,0.472,0.641,0.793,0.764,0.38
0,0.006,0.798,0.787,0.479,0.658,0.645,0.003,0.324,0.006,0.555,0.695,0.645
1,0.428,0.423,0.485,0.641,0.036,0.797,0.445,0.145,0.248,0.786,0.53,0.465
1,0.637,0.798,0.719,0.797,0.788,0.445,0.598,0.645,0.479,0.786,0.658,0.494
1,0.237,0.284,0.359,0.105,0.23,0.119,0.038,0.62,0.243,0.448,0.405,0.106
0,0.637,0.788,0.472,0.475,0.145,0.385,0.555,0.479,0.701,0.297,0.617,0.606
0,0.794,0.076,0.719,0.805,0.801,0.342,0.373,0.571,0.647,0.545,0.719,0.53
0,0.279,0.658,0.26,0.598,0.801,0.641,0.639,0.642,0.479,0.036,0.212,0.748
1,0.768,0.598,0.785,0.658,0.036,0.065,0.26,0.279,0.49,0.598,0.641,0.785
1,0.227,0.472,0.132,0.38,0.485,0.748,0.423,0.719,0.465,0.801,0.641,0.66
1,0.806,0.648,0.428,0.645,0.788,0.598,0.666,0.786,0.065,0.807,0.798,0.145
1,0.381,0.465,0.08,0.445,0.212,0.485,0.337,0.463,0.176,0.034,0.308,0.036
1,0.308,0.445,0.598,0.642,0.094,0.745,0.248,0.472,0.561,0.598,0.53,0.036
1,0.474,0.801,0.468,0.13,0.113,0.006,0.149,0.485,0.645,0.658,0.212,0.801
0,0.379,0.367,0.107,0.356,0.609,0.178,0.497,0.233,0.212,0.135,0.286,0.472
0,0.598,0.784,0.227,0.036,0.26,0.279,0.721,0.38,0.462,0.461,0.645,0.036
0,0.579,0.784,0.428,0.479,0.248,0.472,0.405,0.663,0.703,0.344,0.472,0.748
0,0.641,0.485,0.212,0.423,0.701,0.785,0.213,0.242,0.197,0.357,0.571,0.561
1,0.798,0.645,0.658,0.785,0.598,0.308,0.015,0.658,0.786,0.645,0.149,0.485
0,0.248,0.445,0.53,0.553,0.526,0.476,0.237,0.284,0.359,0.105,0.101,0.23
0,0.701,0.785,0.798,0.598,0.065,0.658,0.598,0.445,0.065,0.113,0.797,0.385
0,0.279,0.184,0.144,0.145,0.26,0.658,0.248,0.658,0.385,0.758,0.113,0.798
0,0.006,0.801,0.798,0.658,0.786,0.645,0.205,0.494,0.398,0.354,0.801,0.242
1,0.213,0.242,0.197,0.357,0.571,0.561,0.065,0.786,0.485,0.645,0.479,0.646
0,0.132,0.036,0.462,0.591,0.635,0.08,0.302,0.385,0.637,0.145,0.195,0.113
1,0.806,0.648,0.428,0.645,0.788,0.598,0.212,0.786,0.145,0.38,0.113,0.798
0,0.113,0.145,0.801,0.645,0.641,0.212,0.282,0.35,0.227,0.479,0.553,0.784
1,0.641,0.479,0.214,0.801,0.485,0.497,0.445,0.658,0.065,0.113,0.006,0.598
1,0.248,0.658,0.385,0.758,0.113,0.798,0.009,0.018,0.135,0.034,0.149,0.059
0,0.748,0.641,0.08,0.591,0.579,0.465,0.798,0.758,0.534,0.381,0.73,0.306
1,0.036,0.637,0.015,0.106,0.563,0.213,0.26,0.279,0.598,0.785,0.701,0.49
0,0.494,0.065,0.465,0.785,0.701,0.113,0.171,0.13,0.748,0.658,0.091,0.479
1,0.794,0.472,0.7,0.306,0.658,0.806,0.342,0.797,0.645,0.065,0.788,0.787
1,0.149,0.485,0.645,0.658,0.212,0.801,0.645,0.798,0.646,0.212,0.788,0.485
0,0.248,0.658,0.385,0.758,0.113,0.798,0.334,0.462,0.473,0.641,0.445,0.08
1,0.637,0.752,0.205,0.015,0.212,0.738,0.721,0.494,0.006,0.324,0.392,0.485
1,0.479,0.398,0.006,0.658,0.212,0.135,0.479,0.445,0.598,0.485,0.065,0.642
1,0.785,0.006,0.113,0.381,0.53,0.701,0.369,0.248,0.778,0.051,0.313,0.464
1,0.392,0.424,0.462,0.472,0.437,0.475,0.497,0.625,0.778,0.127,0.213,0.784
1,0.279,0.324,0.49,0.598,0.555,0.071,0.195,0.306,0.472,0.797,0.485,0.545
0,0.237,0.284,0.359,0.105,0.101,0.23,0.025,0.56,0.5,0.497,0.503,0.553
0,0.302,0.645,0.797,0.598,0.721,0.806,0.719,0.637,0.598,0.645,0.658,0.145
1,0.245,0.145,0.146,0.646,0.142,0.407,0.794,0.472,0.145,0.786,0.009,0.461
1,0.797,0.645,0.303,0.786,0.658,0.497,0.065,0.485,0.472,0.647,0.494,0.785
0,0.752,0.637,0.113,0.235,0.797,0.015,0.658,0.637,0.53,0.212,0.196,0.145
1,0.806,0.065,0.785,0.784,0.494,0.701,0.797,0.794,0.793,0.799,0.796,0.806
1,0.785,0.006,0.645,0.801,0.479,0.465,0.302,0.227,0.472,0.748,0.036,0.461
1,0.091,0.547,0.006,0.113,0.796,0.598,0.279,0.23,0.785,0.598,0.748,0.26
1,0.302,0.637,0.195,0.113,0.801,0.145,0.472,0.598,0.212,0.134,0.479,0.642
0,0.448,0.214,0.286,0.454,0.647,0.534,0.127,0.637,0.348,0.596,0.214,0.545
0,0.768,0.053,0.006,0.754,0.065,0.685,0.472,0.658,0.801,0.003,0.462,0.786
0,0.015,0.479,0.13,0.465,0.398,0.785,0.707,0.036,0.785,0.468,0.787,0.282
0,0.306,0.786,0.748,0.242,0.485,0.645,0.497,0.625,0.778,0.127,0.213,0.784
1,0.445,0.537,0.359,0.045,0.385,0.065,0.646,0.658,0.645,0.748,0.308,0.485
1,0.094,0.797,0.63,0.635,0.758,0.638,0.319,0.279,0.141,0.407,0.553,0.748
1,0.205,0.797,0.303,0.798,0.485,0.462,0.767,0.474,0.733,0.556,0.068,0.077
1,0.53,0.641,0.248,0.784,0.145,0.212,0.785,0.006,0.645,0.801,0.479,0.465
0,0.798,0.785,0.645,0.658,0.801,0.308,0.701,0.006,0.785,0.743,0.53,0.497
1,0.596,0.806,0.319,0.407,0.748,0.589,0.212,0.609,0.461,0.034,0.169,0.794
1,0.139,0.018,0.145,0.034,0.131,0.049,0.785,0.701,0.212,0.658,0.38,0.645
1,0.302,0.637,0.195,0.113,0.801,0.145,0.006,0.145,0.671,0.121,0.464,0.598
1,0.065,0.801,0.786,0.645,0.778,0.805,0.579,0.222,0.62,0.465,0.641,0.748
1,0.658,0.006,0.645,0.479,0.53,0.465,0.798,0.473,0.248,0.645,0.465,0.494
0,0.56,0.748,0.227,0.645,0.609,0.282,0.445,0.798,0.785,0.658,0.701,0.38
1,0.445,0.787,0.797,0.658,0.798,0.793,0.186,0.003,0.454,0.462,0.139,0.464
0,0.637,0.015,0.561,0.707,0.701,0.706,0.445,0.537,0.359,0.045,0.385,0.065
0,0.335,0.778,0.13,0.065,0.76,0.62,0.279,0.26,0.598,0.658,0.801,0.641
1,0.806,0.065,0.785,0.784,0.494,0.701,0.758,0.082,0.647,0.648,0.003,0.132
0,0.324,0.695,0.229,0.003,0.645,0.591,0.248,0.208,0.76,0.612,0.72,0.381
1,0.145,0.658,0.53,0.248,0.801,0.784,0.474,0.473,0.006,0.497,0.091,0.786
1,0.26,0.641,0.658,0.598,0.49,0.279,0.212,0.646,0.658,0.645,0.785,0.385
0,0.494,0.497,0.793,0.445,0.801,0.184,0.663,0.248,0.232,0.647,0.251,0.227
0,0.462,0.428,0.788,0.485,0.645,0.385,0.254,0.787,0.279,0.658,0.701,0.23
0,0.73,0.038,0.699,0.31,0.745,0.768,0.445,0.537,0.359,0.045,0.385,0.065
0,0.437,0.212,0.748,0.169,0.034,0.777,0.461,0.385,0.38,0.465,0.145,0.658
1,0.461,0.306,0.149,0.059,0.73,0.196,0.785,0.323,0.645,0.801,0.479,0.465
1,0.625,0.534,0.598,0.801,0.647,0.018,0.494,0.785,0.645,0.798,0.801,0.13
1,0.482,0.658,0.465,0.184,0.381,0.13,0.113,0.719,0.786,0.7,0.594,0.151
1,0.625,0.497,0.472,0.609,0.091,0.598,0.149,0.006,0.113,0.598,0.472,0.462
1,0.065,0.579,0.528,0.687,0.376,0.475,0.034,0.596,0.612,0.244,0.009,0.787
0,0.13,0.598,0.485,0.752,0.461,0.381,0.785,0.786,0.787,0.135,0.196,0.47
0,0.718,0.547,0.758,0.642,0.531,0.494,0.091,0.785,0.308,0.637,0.798,0.227
1,0.213,0.344,0.474,0.612,0.264,0.229,0.094,0.461,0.788,0.018,0.232,0.798
0,0.785,0.701,0.212,0.658,0.381,0.597,0.721,0.645,0.646,0.497,0.778,0.282
1,0.445,0.537,0.359,0.045,0.385,0.065,0.5,0.248,0.006,0.229,0.625,0.197
1,0.38,0.598,0.036,0.485,0.645,0.479,0.646,0.465,0.324,0.594,0.385,0.229
0,0.787,0.13,0.472,0.462,0.003,0.461,0.786,0.182,0.006,0.598,0.494,0.145
1,0.13,0.727,0.151,0.377,0.806,0.796,0.099,0.212,0.059,0.715,0.776,0.134
1,0.631,0.576,0.168,0.497,0.214,0.007,0.445,0.797,0.787,0.658,0.798,0.793
1,0.798,0.793,0.797,0.465,0.08,0.748,0.373,0.13,0.797,0.798,0.43,0.794
0,0.065,0.786,0.462,0.248,0.227,0.784,0.785,0.323,0.645,0.801,0.479,0.465
1,0.034,0.596,0.612,0.244,0.009,0.787,0.018,0.658,0.151,0.149,0.036,0.796
0,0.237,0.359,0.284,0.105,0.352,0.775,0.555,0.598,0.195,0.784,0.604,0.241
0,0.381,0.646,0.49,0.801,0.244,0.72,0.003,0.645,0.145,0.647,0.485,0.801
1,0.474,0.473,0.006,0.497,0.091,0.786,0.085,0.53,0.465,0.485,0.08,0.127
0,0.038,0.0,0.0,0.0,0.0,0.0,0.038,0.0,0.0,0.0,0.0,0.0
0,0.465,0.385,0.468,0.646,0.464,0.758,0.212,0.089,0.49,0.145,0.036,0.806
0,0.308,0.785,0.646,0.645,0.465,0.485,0.454,0.036,0.645,0.145,0.212,0.786
0,0.006,0.641,0.598,0.645,0.786,0.647,0.336,0.015,0.658,0.469,0.53,0.091
1,0.212,0.089,0.49,0.145,0.036,0.806,0.784,0.149,0.685,0.308,0.743,0.796
0,0.448,0.35,0.398,0.625,0.724,0.445,0.006,0.797,0.645,0.641,0.701,0.642
0,0.279,0.26,0.801,0.658,0.641,0.184,0.645,0.701,0.658,0.786,0.473,0.006
1,0.264,0.658,0.598,0.472,0.609,0.308,0.303,0.479,0.485,0.645,0.787,0.798
0,0.212,0.748,0.248,0.089,0.637,0.806,0.248,0.213,0.748,0.637,0.778,0.089
1,0.302,0.036,0.212,0.591,0.485,0.53,0.72,0.445,0.497,0.212,0.13,0.641
0,0.254,0.485,0.787,0.784,0.645,0.145,0.787,0.798,0.462,0.641,0.473,0.113
1,0.157,0.797,0.036,0.149,0.254,0.205,0.065,0.006,0.788,0.748,0.785,0.197
1,0.743,0.13,0.806,0.786,0.381,0.701,0.748,0.771,0.428,0.75,0.241,0.758
0,0.785,0.466,0.479,0.145,0.026,0.642,0.638,0.256,0.784,0.475,0.56,0.701
0,0.237,0.359,0.284,0.105,0.352,0.305,0.448,0.445,0.479,0.461,0.462,0.468
1,0.709,0.282,0.645,0.786,0.701,0.801,0.254,0.235,0.392,0.319,0.376,0.612
1,0.787,0.472,0.801,0.381,0.157,0.195,0.303,0.485,0.479,0.645,0.787,0.036
1,0.303,0.645,0.775,0.658,0.497,0.785,0.658,0.497,0.785,0.445,0.479,0.006
0,0.128,0.407,0.494,0.235,0.303,0.797,0.724,0.801,0.53,0.645,0.646,0.38
0,0.786,0.646,0.645,0.598,0.494,0.788,0.43,0.485,0.658,0.787,0.801,0.38
1,0.743,0.13,0.806,0.786,0.381,0.701,0.184,0.279,0.646,0.598,0.26,0.801
1,0.625,0.534,0.598,0.801,0.647,0.018,0.733,0.743,0.13,0.801,0.642,0.445
0,0.065,0.801,0.786,0.645,0.778,0.805,0.279,0.26,0.641,0.385,0.465,0.23
0,0.319,0.057,0.448,0.184,0.637,0.034,0.695,0.227,0.45,0.53,0.195,0.671
0,0.797,0.786,0.034,0.448,0.473,0.778,0.006,0.797,0.645,0.641,0.701,0.642
1,0.497,0.658,0.645,0.787,0.248,0.794,0.719,0.646,0.786,0.798,0.462,0.641
0,0.395,0.437,0.797,0.777,0.647,0.5,0.132,0.66,0.398,0.806,0.094,0.778
0,0.645,0.785,0.212,0.479,0.534,0.248,0.645,0.428,0.485,0.468,0.598,0.145
0,0.254,0.235,0.392,0.319,0.376,0.612,0.598,0.302,0.036,0.748,0.472,0.151
1,0.053,0.089,0.145,0.477,0.282,0.33,0.143,0.68,0.479,0.145,0.373,0.719
1,0.72,0.785,0.748,0.645,0.428,0.797,0.494,0.647,0.801,0.472,0.13,0.212
0,0.598,0.26,0.279,0.641,0.272,0.706,0.248,0.53,0.145,0.497,0.308,0.748
1,0.787,0.479,0.553,0.38,0.342,0.233,0.229,0.609,0.143,0.8,0.197,0.43
0,0.237,0.359,0.284,0.105,0.352,0.305,0.53,0.248,0.465,0.445,0.579,0.485
0,0.131,0.202,0.145,0.598,0.036,0.758,0.685,0.0,0.0,0.0,0.0,0.0
1,0.553,0.308,0.645,0.485,0.671,0.591,0.494,0.798,0.13,0.786,0.778,0.53
0,0.186,0.003,0.454,0.462,0.139,0.464,0.497,0.658,0.645,0.787,0.248,0.794
0,0.065,0.006,0.788,0.748,0.785,0.197,0.658,0.025,0.006,0.701,0.445,0.248
1,0.335,0.778,0.13,0.065,0.648,0.089,0.485,0.788,0.645,0.212,0.646,0.798
0,0.448,0.248,0.806,0.598,0.485,0.497,0.785,0.026,0.807,0.076,0.479,0.145
0,0.428,0.598,0.485,0.479,0.094,0.645,0.212,0.801,0.472,0.748,0.036,0.151
0,0.461,0.324,0.003,0.788,0.006,0.645,0.497,0.303,0.227,0.646,0.648,0.73
1,0.645,0.428,0.485,0.468,0.598,0.145,0.472,0.637,0.428,0.788,0.342,0.385
0,0.006,0.248,0.479,0.485,0.645,0.598,0.308,0.598,0.645,0.385,0.639,0.479
0,0.428,0.658,0.645,0.598,0.748,0.036,0.497,0.658,0.645,0.787,0.248,0.794
0,0.006,0.091,0.376,0.094,0.774,0.132,0.801,0.468,0.184,0.719,0.787,0.707
0,0.065,0.479,0.625,0.645,0.598,0.485,0.445,0.537,0.359,0.045,0.707,0.065
1,0.48,0.488,0.805,0.801,0.323,0.184,0.248,0.53,0.465,0.036,0.212,0.642
0,0.038,0.078,0.282,0.73,0.801,0.472,0.475,0.232,0.785,0.091,0.642,0.089
1,0.13,0.788,0.645,0.151,0.034,0.233,0.658,0.303,0.479,0.641,0.598,0.026
0,0.428,0.598,0.485,0.479,0.094,0.645,0.645,0.428,0.485,0.468,0.598,0.145
0,0.003,0.145,0.089,0.472,0.398,0.302,0.598,0.08,0.094,0.323,0.534,0.488
1,0.302,0.242,0.195,0.771,0.579,0.227,0.786,0.006,0.807,0.494,0.479,0.641
0,0.75,0.807,0.13,0.003,0.727,0.615,0.555,0.094,0.101,0.779,0.442,0.302
0,0.006,0.786,0.658,0.598,0.646,0.472,0.065,0.596,0.786,0.462,0.645,0.658
0,0.784,0.149,0.685,0.308,0.743,0.796,0.006,0.798,0.485,0.793,0.641,0.805
1,0.105,0.488,0.303,0.48,0.342,0.801,0.006,0.787,0.485,0.645,0.641,0.479
1,0.254,0.184,0.146,0.073,0.248,0.48,0.122,0.721,0.448,0.772,0.646,0.389
1,0.068,0.226,0.31,0.082,0.63,0.531,0.105,0.724,0.302,0.778,0.442,0.623
0,0.143,0.645,0.806,0.13,0.801,0.381,0.43,0.485,0.658,0.787,0.801,0.38
0,0.658,0.065,0.184,0.598,0.784,0.798,0.145,0.598,0.113,0.385,0.637,0.065
0,0.381,0.646,0.49,0.801,0.244,0.72,0.719,0.385,0.646,0.645,0.423,0.145
0,0.553,0.53,0.076,0.537,0.45,0.445,0.785,0.31,0.807,0.596,0.145,0.479
0,0.006,0.091,0.376,0.094,0.774,0.132,0.801,0.468,0.184,0.719,0.787,0.707
1,0.233,0.212,0.034,0.475,0.641,0.465,0.448,0.445,0.009,0.059,0.63,0.241
1,0.306,0.497,0.637,0.113,0.065,0.248,0.445,0.006,0.497,0.785,0.701,0.798
0,0.145,0.598,0.113,0.385,0.637,0.065,0.685,0.645,0.658,0.785,0.279,0.141
0,0.362,0.785,0.212,0.113,0.598,0.645,0.006,0.797,0.658,0.036,0.645,0.497
0,0.286,0.787,0.497,0.13,0.806,0.113,0.279,0.26,0.598,0.141,0.785,0.658
0,0.248,0.658,0.53,0.748,0.797,0.036,0.445,0.537,0.359,0.045,0.707,0.065
1,0.658,0.025,0.006,0.701,0.445,0.248,0.658,0.766,0.126,0.645,0.53,0.31
1,0.719,0.385,0.646,0.645,0.423,0.145,0.38,0.497,0.748,0.797,0.184,0.645
0,0.494,0.598,0.645,0.248,0.786,0.385,0.369,0.645,0.065,0.113,0.145,0.778
0,0.658,0.149,0.778,0.645,0.549,0.786,0.534,0.598,0.462,0.121,0.065,0.094
1,0.232,0.006,0.785,0.798,0.598,0.381,0.796,0.645,0.006,0.472,0.798,0.227
1,0.392,0.13,0.494,0.465,0.143,0.38,0.473,0.494,0.015,0.598,0.788,0.645
0,0.48,0.488,0.805,0.801,0.323,0.184,0.465,0.748,0.646,0.797,0.45,0.151
1,0.015,0.752,0.545,0.094,0.454,0.205,0.227,0.485,0.797,0.448,0.251,0.497
1,0.091,0.801,0.308,0.637,0.798,0.227,0.637,0.034,0.407,0.689,0.015,0.697
0,0.461,0.794,0.666,0.094,0.034,0.003,0.553,0.248,0.212,0.317,0.073,0.806
0,0.149,0.637,0.45,0.706,0.145,0.7,0.445,0.537,0.359,0.045,0.707,0.065
0,0.701,0.598,0.38,0.494,0.798,0.788,0.279,0.26,0.658,0.598,0.073,0.184
1,0.065,0.006,0.788,0.748,0.785,0.197,0.467,0.733,0.097,0.275,0.038,0.213
1,0.645,0.798,0.637,0.797,0.003,0.248,0.598,0.26,0.279,0.641,0.272,0.706
1,0.701,0.786,0.806,0.479,0.645,0.465,0.472,0.036,0.485,0.479,0.787,0.113
1,0.801,0.788,0.445,0.485,0.701,0.645,0.065,0.006,0.785,0.646,0.598,0.184
0,0.248,0.642,0.279,0.26,0.151,0.801,0.006,0.798,0.485,0.793,0.641,0.805
1,0.35,0.303,0.479,0.031,0.534,0.635,0.645,0.251,0.768,0.392,0.796,0.7
0,0.48,0.488,0.805,0.801,0.323,0.184,0.279,0.645,0.658,0.801,0.23,0.26
1,0.053,0.089,0.145,0.477,0.282,0.33,0.286,0.545,0.788,0.645,0.31,0.485
0,0.065,0.113,0.658,0.598,0.485,0.798,0.006,0.797,0.645,0.641,0.701,0.642
1,0.065,0.701,0.53,0.806,0.113,0.785,0.472,0.197,0.435,0.748,0.335,0.793
0,0.479,0.53,0.036,0.637,0.065,0.248,0.497,0.637,0.286,0.612,0.727,0.16
0,0.279,0.135,0.141,0.454,0.212,0.23,0.445,0.537,0.359,0.045,0.707,0.065
0,0.279,0.26,0.598,0.141,0.785,0.658,0.658,0.462,0.149,0.53,0.719,0.497
0,0.006,0.658,0.641,0.248,0.598,0.645,0.743,0.53,0.625,0.38,0.184,0.786
1,0.645,0.212,0.727,0.73,0.537,0.807,0.385,0.006,0.026,0.465,0.472,0.534
1,0.697,0.591,0.053,0.282,0.479,0.596,0.479,0.647,0.625,0.212,0.645,0.113
1,0.302,0.242,0.195,0.212,0.579,0.227,0.786,0.006,0.807,0.494,0.479,0.641
1,0.392,0.13,0.494,0.465,0.143,0.38,0.395,0.448,0.785,0.727,0.628,0.003
0,0.308,0.479,0.645,0.658,0.798,0.801,0.752,0.625,0.497,0.786,0.308,0.473
1,0.494,0.445,0.113,0.658,0.598,0.248,0.319,0.591,0.701,0.132,0.663,0.721
0,0.785,0.342,0.637,0.303,0.641,0.279,0.658,0.003,0.392,0.26,0.395,0.652
1,0.801,0.788,0.445,0.485,0.701,0.645,0.488,0.642,0.594,0.798,0.625,0.149
1,0.184,0.006,0.485,0.445,0.494,0.232,0.212,0.479,0.645,0.646,0.785,0.485
0,0.645,0.485,0.788,0.308,0.385,0.641,0.748,0.472,0.006,0.785,0.132,0.479
0,0.748,0.485,0.13,0.472,0.786,0.787,0.243,0.788,0.537,0.784,0.003,0.797
0,0.065,0.445,0.545,0.658,0.764,0.479,0.461,0.646,0.038,0.028,0.473,0.46
0,0.142,0.248,0.697,0.526,0.793,0.139,0.423,0.658,0.642,0.006,0.645,0.477
1,0.303,0.485,0.479,0.645,0.787,0.036,0.248,0.797,0.485,0.798,0.462,0.786
0,0.743,0.473,0.006,0.121,0.625,0.642,0.279,0.26,0.598,0.141,0.785,0.658
1,0.065,0.006,0.788,0.748,0.785,0.197,0.006,0.212,0.055,0.068,0.233,0.464
1,0.362,0.076,0.785,0.637,0.286,0.381,0.192,0.324,0.48,0.214,0.801,0.488
0,0.474,0.226,0.145,0.797,0.645,0.718,0.788,0.701,0.473,0.169,0.065,0.476
0,0.545,0.786,0.13,0.113,0.227,0.497,0.645,0.646,0.788,0.485,0.658,0.212
1,0.015,0.645,0.785,0.801,0.121,0.149,0.68,0.13,0.641,0.785,0.472,0.598
0,0.787,0.485,0.798,0.479,0.308,0.472,0.579,0.036,0.781,0.637,0.35,0.797
1,0.482,0.127,0.49,0.149,0.53,0.778,0.465,0.385,0.468,0.646,0.464,0.758
0,0.801,0.645,0.308,0.788,0.485,0.497,0.758,0.748,0.113,0.472,0.132,0.385
0,0.006,0.645,0.785,0.151,0.113,0.465,0.106,0.184,0.701,0.227,0.546,0.015
1,0.392,0.13,0.494,0.465,0.143,0.38,0.142,0.462,0.645,0.785,0.748,0.798
0,0.237,0.359,0.284,0.105,0.352,0.305,0.475,0.083,0.5,0.647,0.224,0.205
0,0.497,0.308,0.785,0.637,0.385,0.472,0.702,0.786,0.334,0.55,0.213,0.101
1,0.555,0.094,0.101,0.779,0.442,0.302,0.645,0.065,0.797,0.785,0.798,0.472
1,0.778,0.462,0.479,0.302,0.771,0.038,0.286,0.149,0.101,0.076,0.105,0.743
1,0.006,0.445,0.658,0.798,0.748,0.472,0.302,0.113,0.594,0.314,0.798,0.344
0,0.424,0.646,0.697,0.036,0.009,0.788,0.687,0.282,0.248,0.797,0.637,0.798
1,0.26,0.169,0.663,0.036,0.497,0.113,0.805,0.324,0.591,0.764,0.189,0.697
0,0.748,0.645,0.658,0.485,0.465,0.428,0.785,0.143,0.53,0.13,0.801,0.645
1,0.555,0.094,0.101,0.779,0.442,0.302,0.306,0.773,0.342,0.145,0.494,0.49
0,0.473,0.798,0.113,0.145,0.38,0.488,0.248,0.282,0.53,0.465,0.794,0.145
1,0.428,0.801,0.485,0.641,0.645,0.788,0.08,0.103,0.145,0.113,0.089,0.105
1,0.591,0.08,0.006,0.787,0.635,0.385,0.475,0.35,0.655,0.196,0.132,0.461
1,0.279,0.26,0.658,0.598,0.785,0.801,0.142,0.462,0.645,0.785,0.748,0.798
0,0.785,0.701,0.494,0.598,0.645,0.646,0.303,0.72,0.785,0.786,0.701,0.248
0,0.485,0.241,0.482,0.036,0.35,0.212,0.553,0.13,0.612,0.145,0.72,0.806
0,0.13,0.038,0.494,0.645,0.801,0.646,0.48,0.488,0.805,0.801,0.323,0.184
0,0.212,0.227,0.038,0.787,0.229,0.132,0.26,0.279,0.598,0.641,0.658,0.785
0,0.139,0.091,0.53,0.786,0.065,0.006,0.184,0.006,0.485,0.445,0.494,0.232
0,0.212,0.485,0.787,0.645,0.658,0.641,0.801,0.788,0.445,0.485,0.645,0.308
1,0.494,0.64,0.601,0.596,0.594,0.635,0.655,0.472,0.226,0.036,0.302,0.652
0,0.132,0.497,0.113,0.806,0.778,0.145,0.461,0.094,0.003,0.212,0.392,0.745
0,0.303,0.637,0.065,0.089,0.23,0.479,0.26,0.279,0.646,0.212,0.642,0.647
1,0.006,0.445,0.658,0.645,0.801,0.145,0.801,0.488,0.323,0.658,0.787,0.797
0,0.475,0.113,0.398,0.034,0.036,0.645,0.303,0.485,0.479,0.645,0.787,0.036
0,0.308,0.658,0.785,0.036,0.748,0.466,0.212,0.479,0.553,0.286,0.748,0.006
0,0.646,0.344,0.642,0.303,0.748,0.392,0.555,0.094,0.442,0.101,0.779,0.302
1,0.015,0.645,0.785,0.801,0.121,0.149,0.798,0.748,0.462,0.472,0.801,0.381
1,0.036,0.113,0.598,0.38,0.658,0.227,0.356,0.553,0.448,0.121,0.31,0.663
0,0.635,0.151,0.645,0.212,0.748,0.286,0.303,0.645,0.798,0.658,0.801,0.784
0,0.015,0.671,0.479,0.464,0.038,0.149,0.106,0.184,0.701,0.227,0.546,0.015
0,0.26,0.279,0.658,0.598,0.462,0.646,0.637,0.497,0.719,0.149,0.598,0.786
1,0.591,0.08,0.006,0.787,0.635,0.385,0.091,0.376,0.464,0.373,0.784,0.308
1,0.091,0.212,0.646,0.642,0.645,0.494,0.787,0.485,0.594,0.645,0.015,0.796
0,0.342,0.015,0.473,0.43,0.773,0.609,0.646,0.497,0.212,0.485,0.658,0.145
0,0.028,0.253,0.559,0.531,0.336,0.707,0.143,0.701,0.186,0.195,0.197,0.103
1,0.303,0.72,0.785,0.786,0.701,0.248,0.196,0.034,0.065,0.547,0.51,0.233
1,0.702,0.786,0.334,0.55,0.213,0.101,0.658,0.034,0.497,0.796,0.006,0.474
1,0.006,0.594,0.591,0.766,0.641,0.243,0.113,0.787,0.142,0.658,0.479,0.573
0,0.006,0.658,0.645,0.497,0.479,0.385,0.303,0.485,0.479,0.645,0.787,0.036
1,0.428,0.801,0.485,0.641,0.645,0.788,0.785,0.279,0.26,0.23,0.598,0.701
0,0.149,0.26,0.303,0.658,0.462,0.497,0.306,0.381,0.127,0.748,0.472,0.461
1,0.785,0.646,0.637,0.003,0.645,0.801,0.625,0.743,0.015,0.53,0.385,0.641
0,0.006,0.003,0.324,0.184,0.701,0.786,0.303,0.72,0.785,0.786,0.701,0.598
0,0.26,0.571,0.637,0.279,0.646,0.385,0.106,0.184,0.701,0.227,0.546,0.015
0,0.787,0.003,0.038,0.346,0.0,0.0,0.028,0.253,0.559,0.531,0.336,0.707
1,0.308,0.145,0.53,0.788,0.465,0.658,0.214,0.036,0.497,0.385,0.479,0.472
1,0.778,0.794,0.598,0.334,0.479,0.477,0.237,0.359,0.284,0.105,0.352,0.305
0,0.133,0.135,0.134,0.136,0.197,0.196,0.555,0.094,0.302,0.442,0.101,0.779
0,0.214,0.235,0.743,0.555,0.448,0.38,0.778,0.462,0.748,0.479,0.707,0.302
1,0.038,0.028,0.471,0.036,0.121,0.073,0.229,0.196,0.697,0.752,0.773,0.051
1,0.303,0.72,0.785,0.786,0.701,0.598,0.245,0.243,0.244,0.0,0.0,0.0
0,0.72,0.494,0.034,0.006,0.63,0.785,0.462,0.646,0.637,0.719,0.647,0.788
0,0.445,0.254,0.785,0.806,0.807,0.38,0.445,0.248,0.798,0.697,0.036,0.472
0,0.006,0.197,0.034,0.43,0.16,0.045,0.106,0.184,0.701,0.227,0.546,0.015
0,0.685,0.462,0.534,0.006,0.641,0.479,0.009,0.012,0.025,0.075,0.071,0.038
0,0.303,0.479,0.786,0.036,0.373,0.642,0.807,0.018,0.645,0.743,0.462,0.452
0,0.145,0.212,0.719,0.195,0.113,0.474,0.785,0.308,0.13,0.794,0.658,0.797
0,0.006,0.798,0.645,0.465,0.641,0.479,0.786,0.646,0.13,0.658,0.645,0.798
1,0.028,0.253,0.559,0.531,0.336,0.707,0.785,0.784,0.72,0.701,0.482,0.006
1,0.497,0.758,0.308,0.598,0.645,0.594,0.142,0.787,0.798,0.537,0.485,0.145
0,0.472,0.474,0.778,0.462,0.142,0.658,0.645,0.395,0.571,0.785,0.094,0.308
0,0.805,0.324,0.591,0.047,0.764,0.189,0.778,0.462,0.748,0.479,0.707,0.302
1,0.149,0.658,0.598,0.494,0.034,0.184,0.006,0.645,0.798,0.797,0.785,0.479
0,0.213,0.625,0.658,0.006,0.376,0.642,0.658,0.699,0.637,0.028,0.308,0.641
0,0.038,0.787,0.785,0.786,0.788,0.719,0.647,0.13,0.721,0.342,0.479,0.49
0,0.796,0.715,0.407,0.486,0.801,0.034,0.106,0.184,0.701,0.227,0.546,0.015
1,0.702,0.786,0.334,0.55,0.213,0.101,0.473,0.685,0.196,0.706,0.009,0.596
0,0.801,0.645,0.658,0.485,0.381,0.428,0.778,0.145,0.598,0.658,0.784,0.494
1,0.196,0.145,0.445,0.428,0.598,0.788,0.151,0.658,0.428,0.35,0.146,0.715
0,0.308,0.479,0.645,0.658,0.798,0.801,0.785,0.308,0.13,0.794,0.658,0.797
1,0.149,0.373,0.006,0.145,0.445,0.801,0.788,0.801,0.485,0.479,0.53,0.149
0,0.645,0.807,0.494,0.463,0.08,0.784,0.53,0.727,0.036,0.598,0.642,0.2